﻿<?xml version="1.0" encoding="UTF-8" standalone="yes"?>
<?infooffice type="IQL" version="1.0"?>
<ioschema>
<data>
<fieldname>AFP0</fieldname>
<value><![CDATA[419DB35FA0924F17B81F2AEFE71D54CF]]></value>
<fieldname>AFP1</fieldname>
<value><![CDATA[00000000000000000000000000000001]]></value>
<fieldname>AFP2</fieldname>
<value><![CDATA[DEU]]></value>
<fieldname>AFP3</fieldname>
<value><![CDATA[42778.9700490972]]></value>
<fieldname>AFP4</fieldname>
<value><![CDATA[EF00050EA6B04192A37A8228D83C3CE0]]></value>
</data>
</ioschema>
