﻿<?xml version="1.0" encoding="UTF-8" standalone="yes"?>
<?infooffice type="IQL" version="1.0"?>
<ioschema>
<data>
<fieldname>CPE0</fieldname>
<value><![CDATA[02341E9F4A5648F6A70AE611564A4CCE]]></value>
<fieldname>CPE1</fieldname>
<value><![CDATA[93]]></value>
<fieldname>CPE2</fieldname>
<value><![CDATA[1B4FC327F07F4974B211FE6E5853ECFA]]></value>
<fieldname>CPE3</fieldname>
<value><![CDATA[MOCCASIN]]></value>
<fieldname>CPE4</fieldname>
<value><![CDATA[#FFE4B5]]></value>
<fieldname>CPE5</fieldname>
<value><![CDATA[]]></value>
<fieldname>CPE0</fieldname>
<value><![CDATA[03A76581B260475FAE1F6CB9CEFC6E70]]></value>
<fieldname>CPE1</fieldname>
<value><![CDATA[8]]></value>
<fieldname>CPE2</fieldname>
<value><![CDATA[1B4FC327F07F4974B211FE6E5853ECFA]]></value>
<fieldname>CPE3</fieldname>
<value><![CDATA[BLANCHEDALMOND]]></value>
<fieldname>CPE4</fieldname>
<value><![CDATA[#FFEBCD]]></value>
<fieldname>CPE5</fieldname>
<value><![CDATA[]]></value>
<fieldname>CPE0</fieldname>
<value><![CDATA[03F8FB4C7DB94E0FB1D6FE0BD4E227A3]]></value>
<fieldname>CPE1</fieldname>
<value><![CDATA[11]]></value>
<fieldname>CPE2</fieldname>
<value><![CDATA[1B4FC327F07F4974B211FE6E5853ECFA]]></value>
<fieldname>CPE3</fieldname>
<value><![CDATA[BROWN]]></value>
<fieldname>CPE4</fieldname>
<value><![CDATA[#A52A2A]]></value>
<fieldname>CPE5</fieldname>
<value><![CDATA[]]></value>
<fieldname>CPE0</fieldname>
<value><![CDATA[0406C9CE3B764C6EAD23EC7993672681]]></value>
<fieldname>CPE1</fieldname>
<value><![CDATA[54]]></value>
<fieldname>CPE2</fieldname>
<value><![CDATA[1B4FC327F07F4974B211FE6E5853ECFA]]></value>
<fieldname>CPE3</fieldname>
<value><![CDATA[HOTPINK]]></value>
<fieldname>CPE4</fieldname>
<value><![CDATA[#FF69B4]]></value>
<fieldname>CPE5</fieldname>
<value><![CDATA[]]></value>
<fieldname>CPE0</fieldname>
<value><![CDATA[0457C9F7284645119A3E781F8BBC6D4B]]></value>
<fieldname>CPE1</fieldname>
<value><![CDATA[45]]></value>
<fieldname>CPE2</fieldname>
<value><![CDATA[1B4FC327F07F4974B211FE6E5853ECFA]]></value>
<fieldname>CPE3</fieldname>
<value><![CDATA[FUCHIA]]></value>
<fieldname>CPE4</fieldname>
<value><![CDATA[#FF00FF]]></value>
<fieldname>CPE5</fieldname>
<value><![CDATA[]]></value>
<fieldname>CPE0</fieldname>
<value><![CDATA[0642888FF7884B5082B541ED4C9497BC]]></value>
<fieldname>CPE1</fieldname>
<value><![CDATA[24]]></value>
<fieldname>CPE2</fieldname>
<value><![CDATA[1B4FC327F07F4974B211FE6E5853ECFA]]></value>
<fieldname>CPE3</fieldname>
<value><![CDATA[DARKGRAY]]></value>
<fieldname>CPE4</fieldname>
<value><![CDATA[#A9A9A9]]></value>
<fieldname>CPE5</fieldname>
<value><![CDATA[]]></value>
<fieldname>CPE0</fieldname>
<value><![CDATA[06C1DC69FB5F44518837950559B635A7]]></value>
<fieldname>CPE1</fieldname>
<value><![CDATA[42]]></value>
<fieldname>CPE2</fieldname>
<value><![CDATA[1B4FC327F07F4974B211FE6E5853ECFA]]></value>
<fieldname>CPE3</fieldname>
<value><![CDATA[FIREBRICK]]></value>
<fieldname>CPE4</fieldname>
<value><![CDATA[#B22222]]></value>
<fieldname>CPE5</fieldname>
<value><![CDATA[]]></value>
<fieldname>CPE0</fieldname>
<value><![CDATA[0A43181A17D3421085530F3CF4D2D256]]></value>
<fieldname>CPE1</fieldname>
<value><![CDATA[40]]></value>
<fieldname>CPE2</fieldname>
<value><![CDATA[1B4FC327F07F4974B211FE6E5853ECFA]]></value>
<fieldname>CPE3</fieldname>
<value><![CDATA[DIMGRAY]]></value>
<fieldname>CPE4</fieldname>
<value><![CDATA[#696969]]></value>
<fieldname>CPE5</fieldname>
<value><![CDATA[]]></value>
<fieldname>CPE0</fieldname>
<value><![CDATA[0A947C716ED94448BB3664662268968E]]></value>
<fieldname>CPE1</fieldname>
<value><![CDATA[27]]></value>
<fieldname>CPE2</fieldname>
<value><![CDATA[1B4FC327F07F4974B211FE6E5853ECFA]]></value>
<fieldname>CPE3</fieldname>
<value><![CDATA[DARKMAGENTA]]></value>
<fieldname>CPE4</fieldname>
<value><![CDATA[#8B008B]]></value>
<fieldname>CPE5</fieldname>
<value><![CDATA[]]></value>
<fieldname>CPE0</fieldname>
<value><![CDATA[0AF767BE90BE49639BBDF7F9FCC2B3C4]]></value>
<fieldname>CPE1</fieldname>
<value><![CDATA[53]]></value>
<fieldname>CPE2</fieldname>
<value><![CDATA[1B4FC327F07F4974B211FE6E5853ECFA]]></value>
<fieldname>CPE3</fieldname>
<value><![CDATA[HONEYDEW]]></value>
<fieldname>CPE4</fieldname>
<value><![CDATA[#F0FFF0]]></value>
<fieldname>CPE5</fieldname>
<value><![CDATA[]]></value>
<fieldname>CPE0</fieldname>
<value><![CDATA[0BB265FFF00B421DB0B9B71F51FF31FB]]></value>
<fieldname>CPE1</fieldname>
<value><![CDATA[71]]></value>
<fieldname>CPE2</fieldname>
<value><![CDATA[1B4FC327F07F4974B211FE6E5853ECFA]]></value>
<fieldname>CPE3</fieldname>
<value><![CDATA[LIGHTSEAGREEN]]></value>
<fieldname>CPE4</fieldname>
<value><![CDATA[#20B2AA]]></value>
<fieldname>CPE5</fieldname>
<value><![CDATA[]]></value>
<fieldname>CPE0</fieldname>
<value><![CDATA[0CD2EF56A48A4056A8516A59C3FC698C]]></value>
<fieldname>CPE1</fieldname>
<value><![CDATA[76]]></value>
<fieldname>CPE2</fieldname>
<value><![CDATA[1B4FC327F07F4974B211FE6E5853ECFA]]></value>
<fieldname>CPE3</fieldname>
<value><![CDATA[LIME]]></value>
<fieldname>CPE4</fieldname>
<value><![CDATA[#00FF00]]></value>
<fieldname>CPE5</fieldname>
<value><![CDATA[]]></value>
<fieldname>CPE0</fieldname>
<value><![CDATA[12B8A6940FEE48468DCDBD1EB8B9BB7D]]></value>
<fieldname>CPE1</fieldname>
<value><![CDATA[5]]></value>
<fieldname>CPE2</fieldname>
<value><![CDATA[1B4FC327F07F4974B211FE6E5853ECFA]]></value>
<fieldname>CPE3</fieldname>
<value><![CDATA[BEIGE]]></value>
<fieldname>CPE4</fieldname>
<value><![CDATA[#F5F5DC]]></value>
<fieldname>CPE5</fieldname>
<value><![CDATA[]]></value>
<fieldname>CPE0</fieldname>
<value><![CDATA[147051B4C78648A78F25309C8F885E20]]></value>
<fieldname>CPE1</fieldname>
<value><![CDATA[134]]></value>
<fieldname>CPE2</fieldname>
<value><![CDATA[1B4FC327F07F4974B211FE6E5853ECFA]]></value>
<fieldname>CPE3</fieldname>
<value><![CDATA[VIOLET]]></value>
<fieldname>CPE4</fieldname>
<value><![CDATA[#EE82EE]]></value>
<fieldname>CPE5</fieldname>
<value><![CDATA[]]></value>
<fieldname>CPE0</fieldname>
<value><![CDATA[1475E19E05454BC39D35B236A3EDE621]]></value>
<fieldname>CPE1</fieldname>
<value><![CDATA[120]]></value>
<fieldname>CPE2</fieldname>
<value><![CDATA[1B4FC327F07F4974B211FE6E5853ECFA]]></value>
<fieldname>CPE3</fieldname>
<value><![CDATA[SEASHELL]]></value>
<fieldname>CPE4</fieldname>
<value><![CDATA[#FFF5EE]]></value>
<fieldname>CPE5</fieldname>
<value><![CDATA[]]></value>
<fieldname>CPE0</fieldname>
<value><![CDATA[15FDA50CEB64418C9BF62BA3F1B3936F]]></value>
<fieldname>CPE1</fieldname>
<value><![CDATA[52]]></value>
<fieldname>CPE2</fieldname>
<value><![CDATA[1B4FC327F07F4974B211FE6E5853ECFA]]></value>
<fieldname>CPE3</fieldname>
<value><![CDATA[GREENYELLOW]]></value>
<fieldname>CPE4</fieldname>
<value><![CDATA[#ADFF2F]]></value>
<fieldname>CPE5</fieldname>
<value><![CDATA[]]></value>
<fieldname>CPE0</fieldname>
<value><![CDATA[16508F6FC3A6483EBFFC4E7AEAE12184]]></value>
<fieldname>CPE1</fieldname>
<value><![CDATA[107]]></value>
<fieldname>CPE2</fieldname>
<value><![CDATA[1B4FC327F07F4974B211FE6E5853ECFA]]></value>
<fieldname>CPE3</fieldname>
<value><![CDATA[PEACHPUFF]]></value>
<fieldname>CPE4</fieldname>
<value><![CDATA[#FFDAB9]]></value>
<fieldname>CPE5</fieldname>
<value><![CDATA[]]></value>
<fieldname>CPE0</fieldname>
<value><![CDATA[16C5262D901D4E1A82D5C0468EF056FD]]></value>
<fieldname>CPE1</fieldname>
<value><![CDATA[22]]></value>
<fieldname>CPE2</fieldname>
<value><![CDATA[1B4FC327F07F4974B211FE6E5853ECFA]]></value>
<fieldname>CPE3</fieldname>
<value><![CDATA[DARKCYAN]]></value>
<fieldname>CPE4</fieldname>
<value><![CDATA[#008B8B]]></value>
<fieldname>CPE5</fieldname>
<value><![CDATA[]]></value>
<fieldname>CPE0</fieldname>
<value><![CDATA[1D5637BACFAB451982E4A3C1A8BF75A4]]></value>
<fieldname>CPE1</fieldname>
<value><![CDATA[48]]></value>
<fieldname>CPE2</fieldname>
<value><![CDATA[1B4FC327F07F4974B211FE6E5853ECFA]]></value>
<fieldname>CPE3</fieldname>
<value><![CDATA[GOLD]]></value>
<fieldname>CPE4</fieldname>
<value><![CDATA[#FFD700]]></value>
<fieldname>CPE5</fieldname>
<value><![CDATA[]]></value>
<fieldname>CPE0</fieldname>
<value><![CDATA[1E91C7E91F3E4D1FAF83EC67F4AF35CC]]></value>
<fieldname>CPE1</fieldname>
<value><![CDATA[87]]></value>
<fieldname>CPE2</fieldname>
<value><![CDATA[1B4FC327F07F4974B211FE6E5853ECFA]]></value>
<fieldname>CPE3</fieldname>
<value><![CDATA[MEDIUMSPRINGGREEN]]></value>
<fieldname>CPE4</fieldname>
<value><![CDATA[#00FA9A]]></value>
<fieldname>CPE5</fieldname>
<value><![CDATA[]]></value>
<fieldname>CPE0</fieldname>
<value><![CDATA[1F769B20E850411EA449EC17F3B8D1C3]]></value>
<fieldname>CPE1</fieldname>
<value><![CDATA[81]]></value>
<fieldname>CPE2</fieldname>
<value><![CDATA[1B4FC327F07F4974B211FE6E5853ECFA]]></value>
<fieldname>CPE3</fieldname>
<value><![CDATA[MEDIUMAQUAMARINE]]></value>
<fieldname>CPE4</fieldname>
<value><![CDATA[#66CDAA]]></value>
<fieldname>CPE5</fieldname>
<value><![CDATA[]]></value>
<fieldname>CPE0</fieldname>
<value><![CDATA[221293B20A8546E4BDC74463F27C399B]]></value>
<fieldname>CPE1</fieldname>
<value><![CDATA[0]]></value>
<fieldname>CPE2</fieldname>
<value><![CDATA[1B4FC327F07F4974B211FE6E5853ECFA]]></value>
<fieldname>CPE3</fieldname>
<value><![CDATA[ALICEBLUE]]></value>
<fieldname>CPE4</fieldname>
<value><![CDATA[#F0F8FF]]></value>
<fieldname>CPE5</fieldname>
<value><![CDATA[]]></value>
<fieldname>CPE0</fieldname>
<value><![CDATA[24D5CA2DAABB4D69A0A4B7C4F21AEB1A]]></value>
<fieldname>CPE1</fieldname>
<value><![CDATA[63]]></value>
<fieldname>CPE2</fieldname>
<value><![CDATA[1B4FC327F07F4974B211FE6E5853ECFA]]></value>
<fieldname>CPE3</fieldname>
<value><![CDATA[LIGHTBLUE]]></value>
<fieldname>CPE4</fieldname>
<value><![CDATA[#ADD8E6]]></value>
<fieldname>CPE5</fieldname>
<value><![CDATA[]]></value>
<fieldname>CPE0</fieldname>
<value><![CDATA[2587E2D10A63485594E5259ABBB0271D]]></value>
<fieldname>CPE1</fieldname>
<value><![CDATA[59]]></value>
<fieldname>CPE2</fieldname>
<value><![CDATA[1B4FC327F07F4974B211FE6E5853ECFA]]></value>
<fieldname>CPE3</fieldname>
<value><![CDATA[LAVENDER]]></value>
<fieldname>CPE4</fieldname>
<value><![CDATA[#E6E6FA]]></value>
<fieldname>CPE5</fieldname>
<value><![CDATA[]]></value>
<fieldname>CPE0</fieldname>
<value><![CDATA[27624259825944D2B792596118470211]]></value>
<fieldname>CPE1</fieldname>
<value><![CDATA[108]]></value>
<fieldname>CPE2</fieldname>
<value><![CDATA[1B4FC327F07F4974B211FE6E5853ECFA]]></value>
<fieldname>CPE3</fieldname>
<value><![CDATA[PERU]]></value>
<fieldname>CPE4</fieldname>
<value><![CDATA[#CD853F]]></value>
<fieldname>CPE5</fieldname>
<value><![CDATA[]]></value>
<fieldname>CPE0</fieldname>
<value><![CDATA[30A836CA042F4E57B662377B6B786348]]></value>
<fieldname>CPE1</fieldname>
<value><![CDATA[28]]></value>
<fieldname>CPE2</fieldname>
<value><![CDATA[1B4FC327F07F4974B211FE6E5853ECFA]]></value>
<fieldname>CPE3</fieldname>
<value><![CDATA[DARKOLIVEGREEN]]></value>
<fieldname>CPE4</fieldname>
<value><![CDATA[#556B2F]]></value>
<fieldname>CPE5</fieldname>
<value><![CDATA[]]></value>
<fieldname>CPE0</fieldname>
<value><![CDATA[33FEEE55F7774F548664D2991C9200DE]]></value>
<fieldname>CPE1</fieldname>
<value><![CDATA[6]]></value>
<fieldname>CPE2</fieldname>
<value><![CDATA[1B4FC327F07F4974B211FE6E5853ECFA]]></value>
<fieldname>CPE3</fieldname>
<value><![CDATA[BISQUE]]></value>
<fieldname>CPE4</fieldname>
<value><![CDATA[#FFE4C4]]></value>
<fieldname>CPE5</fieldname>
<value><![CDATA[]]></value>
<fieldname>CPE0</fieldname>
<value><![CDATA[3434ACD65280492BACF19359BC0EA4C7]]></value>
<fieldname>CPE1</fieldname>
<value><![CDATA[44]]></value>
<fieldname>CPE2</fieldname>
<value><![CDATA[1B4FC327F07F4974B211FE6E5853ECFA]]></value>
<fieldname>CPE3</fieldname>
<value><![CDATA[FORESTGREEN]]></value>
<fieldname>CPE4</fieldname>
<value><![CDATA[#228B22]]></value>
<fieldname>CPE5</fieldname>
<value><![CDATA[]]></value>
<fieldname>CPE0</fieldname>
<value><![CDATA[35A649EC3A6B49E29D9AC063B055FB36]]></value>
<fieldname>CPE1</fieldname>
<value><![CDATA[47]]></value>
<fieldname>CPE2</fieldname>
<value><![CDATA[1B4FC327F07F4974B211FE6E5853ECFA]]></value>
<fieldname>CPE3</fieldname>
<value><![CDATA[GHOSTWHITE]]></value>
<fieldname>CPE4</fieldname>
<value><![CDATA[#F8F8FF]]></value>
<fieldname>CPE5</fieldname>
<value><![CDATA[]]></value>
<fieldname>CPE0</fieldname>
<value><![CDATA[35AD734312B74321BBBFBFD8388AFD4C]]></value>
<fieldname>CPE1</fieldname>
<value><![CDATA[46]]></value>
<fieldname>CPE2</fieldname>
<value><![CDATA[1B4FC327F07F4974B211FE6E5853ECFA]]></value>
<fieldname>CPE3</fieldname>
<value><![CDATA[GAINSBORO]]></value>
<fieldname>CPE4</fieldname>
<value><![CDATA[#DCDCDC]]></value>
<fieldname>CPE5</fieldname>
<value><![CDATA[]]></value>
<fieldname>CPE0</fieldname>
<value><![CDATA[37FCB3CF57A64C32BD71301C35E60545]]></value>
<fieldname>CPE1</fieldname>
<value><![CDATA[62]]></value>
<fieldname>CPE2</fieldname>
<value><![CDATA[1B4FC327F07F4974B211FE6E5853ECFA]]></value>
<fieldname>CPE3</fieldname>
<value><![CDATA[LEMONCHIFFON]]></value>
<fieldname>CPE4</fieldname>
<value><![CDATA[#FFFACD]]></value>
<fieldname>CPE5</fieldname>
<value><![CDATA[]]></value>
<fieldname>CPE0</fieldname>
<value><![CDATA[39FE29BA9C59408E85C3FF048707882A]]></value>
<fieldname>CPE1</fieldname>
<value><![CDATA[103]]></value>
<fieldname>CPE2</fieldname>
<value><![CDATA[1B4FC327F07F4974B211FE6E5853ECFA]]></value>
<fieldname>CPE3</fieldname>
<value><![CDATA[PALEGREEN]]></value>
<fieldname>CPE4</fieldname>
<value><![CDATA[#98FB98]]></value>
<fieldname>CPE5</fieldname>
<value><![CDATA[]]></value>
<fieldname>CPE0</fieldname>
<value><![CDATA[3C37A85C2DE34EC98A5641B14BCA6B6E]]></value>
<fieldname>CPE1</fieldname>
<value><![CDATA[20]]></value>
<fieldname>CPE2</fieldname>
<value><![CDATA[1B4FC327F07F4974B211FE6E5853ECFA]]></value>
<fieldname>CPE3</fieldname>
<value><![CDATA[CYAN]]></value>
<fieldname>CPE4</fieldname>
<value><![CDATA[#00FFFF]]></value>
<fieldname>CPE5</fieldname>
<value><![CDATA[]]></value>
<fieldname>CPE0</fieldname>
<value><![CDATA[41AAF57395E2455CB5F82A72F3B91F60]]></value>
<fieldname>CPE1</fieldname>
<value><![CDATA[104]]></value>
<fieldname>CPE2</fieldname>
<value><![CDATA[1B4FC327F07F4974B211FE6E5853ECFA]]></value>
<fieldname>CPE3</fieldname>
<value><![CDATA[PALETURQUOISE]]></value>
<fieldname>CPE4</fieldname>
<value><![CDATA[#AFEEEE]]></value>
<fieldname>CPE5</fieldname>
<value><![CDATA[]]></value>
<fieldname>CPE0</fieldname>
<value><![CDATA[431B113D3F204A92AA381BF6C638FD6D]]></value>
<fieldname>CPE1</fieldname>
<value><![CDATA[114]]></value>
<fieldname>CPE2</fieldname>
<value><![CDATA[1B4FC327F07F4974B211FE6E5853ECFA]]></value>
<fieldname>CPE3</fieldname>
<value><![CDATA[ROSYBROWN]]></value>
<fieldname>CPE4</fieldname>
<value><![CDATA[#BC8F8F]]></value>
<fieldname>CPE5</fieldname>
<value><![CDATA[]]></value>
<fieldname>CPE0</fieldname>
<value><![CDATA[434DEC909EB34C5CAC8138F85BDE5649]]></value>
<fieldname>CPE1</fieldname>
<value><![CDATA[16]]></value>
<fieldname>CPE2</fieldname>
<value><![CDATA[1B4FC327F07F4974B211FE6E5853ECFA]]></value>
<fieldname>CPE3</fieldname>
<value><![CDATA[CORAL]]></value>
<fieldname>CPE4</fieldname>
<value><![CDATA[#FF7F50]]></value>
<fieldname>CPE5</fieldname>
<value><![CDATA[]]></value>
<fieldname>CPE0</fieldname>
<value><![CDATA[4412F10B38804FB9B2AAF7787C1C88CD]]></value>
<fieldname>CPE1</fieldname>
<value><![CDATA[30]]></value>
<fieldname>CPE2</fieldname>
<value><![CDATA[1B4FC327F07F4974B211FE6E5853ECFA]]></value>
<fieldname>CPE3</fieldname>
<value><![CDATA[DARKORCHID]]></value>
<fieldname>CPE4</fieldname>
<value><![CDATA[#9932CC]]></value>
<fieldname>CPE5</fieldname>
<value><![CDATA[]]></value>
<fieldname>CPE0</fieldname>
<value><![CDATA[4670DD8DEC254BECB5C0D6A3F28CBAE9]]></value>
<fieldname>CPE1</fieldname>
<value><![CDATA[33]]></value>
<fieldname>CPE2</fieldname>
<value><![CDATA[1B4FC327F07F4974B211FE6E5853ECFA]]></value>
<fieldname>CPE3</fieldname>
<value><![CDATA[DARKSEAGREEN]]></value>
<fieldname>CPE4</fieldname>
<value><![CDATA[#8FBC8F]]></value>
<fieldname>CPE5</fieldname>
<value><![CDATA[]]></value>
<fieldname>CPE0</fieldname>
<value><![CDATA[4760660A6E664712BD4E82755C829084]]></value>
<fieldname>CPE1</fieldname>
<value><![CDATA[74]]></value>
<fieldname>CPE2</fieldname>
<value><![CDATA[1B4FC327F07F4974B211FE6E5853ECFA]]></value>
<fieldname>CPE3</fieldname>
<value><![CDATA[LIGHTSTEELBLUE]]></value>
<fieldname>CPE4</fieldname>
<value><![CDATA[#B0C4DE]]></value>
<fieldname>CPE5</fieldname>
<value><![CDATA[]]></value>
<fieldname>CPE0</fieldname>
<value><![CDATA[489AD0C18FFE40C082822A424FECC7B0]]></value>
<fieldname>CPE1</fieldname>
<value><![CDATA[126]]></value>
<fieldname>CPE2</fieldname>
<value><![CDATA[1B4FC327F07F4974B211FE6E5853ECFA]]></value>
<fieldname>CPE3</fieldname>
<value><![CDATA[SNOW]]></value>
<fieldname>CPE4</fieldname>
<value><![CDATA[#FFFAFA]]></value>
<fieldname>CPE5</fieldname>
<value><![CDATA[]]></value>
<fieldname>CPE0</fieldname>
<value><![CDATA[4A6D93FEF1EA491CB11C54414E3EE0F6]]></value>
<fieldname>CPE1</fieldname>
<value><![CDATA[121]]></value>
<fieldname>CPE2</fieldname>
<value><![CDATA[1B4FC327F07F4974B211FE6E5853ECFA]]></value>
<fieldname>CPE3</fieldname>
<value><![CDATA[SIENNA]]></value>
<fieldname>CPE4</fieldname>
<value><![CDATA[#A0522D]]></value>
<fieldname>CPE5</fieldname>
<value><![CDATA[]]></value>
<fieldname>CPE0</fieldname>
<value><![CDATA[4A6FA0803CB746939862D6E0438590B7]]></value>
<fieldname>CPE1</fieldname>
<value><![CDATA[128]]></value>
<fieldname>CPE2</fieldname>
<value><![CDATA[1B4FC327F07F4974B211FE6E5853ECFA]]></value>
<fieldname>CPE3</fieldname>
<value><![CDATA[STEELBLUE]]></value>
<fieldname>CPE4</fieldname>
<value><![CDATA[#4682B4]]></value>
<fieldname>CPE5</fieldname>
<value><![CDATA[]]></value>
<fieldname>CPE0</fieldname>
<value><![CDATA[4B9354A2C5924C7DAC407459127DE753]]></value>
<fieldname>CPE1</fieldname>
<value><![CDATA[133]]></value>
<fieldname>CPE2</fieldname>
<value><![CDATA[1B4FC327F07F4974B211FE6E5853ECFA]]></value>
<fieldname>CPE3</fieldname>
<value><![CDATA[TURQUOISE]]></value>
<fieldname>CPE4</fieldname>
<value><![CDATA[#40E0D0]]></value>
<fieldname>CPE5</fieldname>
<value><![CDATA[]]></value>
<fieldname>CPE0</fieldname>
<value><![CDATA[4B9A39FB0DCE4F45839742FB96CBE4EB]]></value>
<fieldname>CPE1</fieldname>
<value><![CDATA[14]]></value>
<fieldname>CPE2</fieldname>
<value><![CDATA[1B4FC327F07F4974B211FE6E5853ECFA]]></value>
<fieldname>CPE3</fieldname>
<value><![CDATA[CHARTREUSE]]></value>
<fieldname>CPE4</fieldname>
<value><![CDATA[#7FFF00]]></value>
<fieldname>CPE5</fieldname>
<value><![CDATA[]]></value>
<fieldname>CPE0</fieldname>
<value><![CDATA[4CFB4F6FD31B470E9C35DE96339A99A9]]></value>
<fieldname>CPE1</fieldname>
<value><![CDATA[57]]></value>
<fieldname>CPE2</fieldname>
<value><![CDATA[1B4FC327F07F4974B211FE6E5853ECFA]]></value>
<fieldname>CPE3</fieldname>
<value><![CDATA[IVORY]]></value>
<fieldname>CPE4</fieldname>
<value><![CDATA[#FFFFF0]]></value>
<fieldname>CPE5</fieldname>
<value><![CDATA[]]></value>
<fieldname>CPE0</fieldname>
<value><![CDATA[4D369237503946D48CEA1531FB3BD3E1]]></value>
<fieldname>CPE1</fieldname>
<value><![CDATA[75]]></value>
<fieldname>CPE2</fieldname>
<value><![CDATA[1B4FC327F07F4974B211FE6E5853ECFA]]></value>
<fieldname>CPE3</fieldname>
<value><![CDATA[LIGHTYELLOW]]></value>
<fieldname>CPE4</fieldname>
<value><![CDATA[#FFFFE0]]></value>
<fieldname>CPE5</fieldname>
<value><![CDATA[]]></value>
<fieldname>CPE0</fieldname>
<value><![CDATA[518F1194B2BE46CAB981360B26E39165]]></value>
<fieldname>CPE1</fieldname>
<value><![CDATA[89]]></value>
<fieldname>CPE2</fieldname>
<value><![CDATA[1B4FC327F07F4974B211FE6E5853ECFA]]></value>
<fieldname>CPE3</fieldname>
<value><![CDATA[MEDIUMVIOLETRED]]></value>
<fieldname>CPE4</fieldname>
<value><![CDATA[#C71585]]></value>
<fieldname>CPE5</fieldname>
<value><![CDATA[]]></value>
<fieldname>CPE0</fieldname>
<value><![CDATA[51FD838FA24541FFA45A808A1FFD6A99]]></value>
<fieldname>CPE1</fieldname>
<value><![CDATA[105]]></value>
<fieldname>CPE2</fieldname>
<value><![CDATA[1B4FC327F07F4974B211FE6E5853ECFA]]></value>
<fieldname>CPE3</fieldname>
<value><![CDATA[PALEVIOLETRED]]></value>
<fieldname>CPE4</fieldname>
<value><![CDATA[#DB7093]]></value>
<fieldname>CPE5</fieldname>
<value><![CDATA[]]></value>
<fieldname>CPE0</fieldname>
<value><![CDATA[52D1EE38C02F472BAB334A6F4FE11DD6]]></value>
<fieldname>CPE1</fieldname>
<value><![CDATA[86]]></value>
<fieldname>CPE2</fieldname>
<value><![CDATA[1B4FC327F07F4974B211FE6E5853ECFA]]></value>
<fieldname>CPE3</fieldname>
<value><![CDATA[MEDIUMSLATEBLUE]]></value>
<fieldname>CPE4</fieldname>
<value><![CDATA[#7B68EE]]></value>
<fieldname>CPE5</fieldname>
<value><![CDATA[]]></value>
<fieldname>CPE0</fieldname>
<value><![CDATA[5675CA34D1B5410B9D660A9B4120C8D6]]></value>
<fieldname>CPE1</fieldname>
<value><![CDATA[66]]></value>
<fieldname>CPE2</fieldname>
<value><![CDATA[1B4FC327F07F4974B211FE6E5853ECFA]]></value>
<fieldname>CPE3</fieldname>
<value><![CDATA[LIGHTGOLDENRODYELLOW]]></value>
<fieldname>CPE4</fieldname>
<value><![CDATA[#FAFAD2]]></value>
<fieldname>CPE5</fieldname>
<value><![CDATA[]]></value>
<fieldname>CPE0</fieldname>
<value><![CDATA[5918270A8F7C49D89BD0320716AC237C]]></value>
<fieldname>CPE1</fieldname>
<value><![CDATA[68]]></value>
<fieldname>CPE2</fieldname>
<value><![CDATA[1B4FC327F07F4974B211FE6E5853ECFA]]></value>
<fieldname>CPE3</fieldname>
<value><![CDATA[LIGHTGREY]]></value>
<fieldname>CPE4</fieldname>
<value><![CDATA[#D3D3D3]]></value>
<fieldname>CPE5</fieldname>
<value><![CDATA[]]></value>
<fieldname>CPE0</fieldname>
<value><![CDATA[5A1A164F7E0B44EBBFD907DF913E63C5]]></value>
<fieldname>CPE1</fieldname>
<value><![CDATA[100]]></value>
<fieldname>CPE2</fieldname>
<value><![CDATA[1B4FC327F07F4974B211FE6E5853ECFA]]></value>
<fieldname>CPE3</fieldname>
<value><![CDATA[ORANGERED]]></value>
<fieldname>CPE4</fieldname>
<value><![CDATA[#FF4500]]></value>
<fieldname>CPE5</fieldname>
<value><![CDATA[]]></value>
<fieldname>CPE0</fieldname>
<value><![CDATA[5AFB7268A0A74C6BA8B2AE58FFF9F084]]></value>
<fieldname>CPE1</fieldname>
<value><![CDATA[119]]></value>
<fieldname>CPE2</fieldname>
<value><![CDATA[1B4FC327F07F4974B211FE6E5853ECFA]]></value>
<fieldname>CPE3</fieldname>
<value><![CDATA[SEAGREEN]]></value>
<fieldname>CPE4</fieldname>
<value><![CDATA[#2E8B57]]></value>
<fieldname>CPE5</fieldname>
<value><![CDATA[]]></value>
<fieldname>CPE0</fieldname>
<value><![CDATA[5BE1BAA3D93E4021B7B56E23C58B3624]]></value>
<fieldname>CPE1</fieldname>
<value><![CDATA[123]]></value>
<fieldname>CPE2</fieldname>
<value><![CDATA[1B4FC327F07F4974B211FE6E5853ECFA]]></value>
<fieldname>CPE3</fieldname>
<value><![CDATA[SKYBLUE]]></value>
<fieldname>CPE4</fieldname>
<value><![CDATA[#87CEEB]]></value>
<fieldname>CPE5</fieldname>
<value><![CDATA[]]></value>
<fieldname>CPE0</fieldname>
<value><![CDATA[602D1697909A43EFA9A350BECFB04EE4]]></value>
<fieldname>CPE1</fieldname>
<value><![CDATA[98]]></value>
<fieldname>CPE2</fieldname>
<value><![CDATA[1B4FC327F07F4974B211FE6E5853ECFA]]></value>
<fieldname>CPE3</fieldname>
<value><![CDATA[OLIVEDRAB]]></value>
<fieldname>CPE4</fieldname>
<value><![CDATA[#6B8E23]]></value>
<fieldname>CPE5</fieldname>
<value><![CDATA[]]></value>
<fieldname>CPE0</fieldname>
<value><![CDATA[602D3388F57C4312B7904DF800119A45]]></value>
<fieldname>CPE1</fieldname>
<value><![CDATA[97]]></value>
<fieldname>CPE2</fieldname>
<value><![CDATA[1B4FC327F07F4974B211FE6E5853ECFA]]></value>
<fieldname>CPE3</fieldname>
<value><![CDATA[OLIVE]]></value>
<fieldname>CPE4</fieldname>
<value><![CDATA[#808000]]></value>
<fieldname>CPE5</fieldname>
<value><![CDATA[]]></value>
<fieldname>CPE0</fieldname>
<value><![CDATA[634100E3DC62419DB28549489F6AB74F]]></value>
<fieldname>CPE1</fieldname>
<value><![CDATA[127]]></value>
<fieldname>CPE2</fieldname>
<value><![CDATA[1B4FC327F07F4974B211FE6E5853ECFA]]></value>
<fieldname>CPE3</fieldname>
<value><![CDATA[SPRINGGREEN]]></value>
<fieldname>CPE4</fieldname>
<value><![CDATA[#00FF7F]]></value>
<fieldname>CPE5</fieldname>
<value><![CDATA[]]></value>
<fieldname>CPE0</fieldname>
<value><![CDATA[659922ED3D0B497A8F8BDA1C3CA9A869]]></value>
<fieldname>CPE1</fieldname>
<value><![CDATA[70]]></value>
<fieldname>CPE2</fieldname>
<value><![CDATA[1B4FC327F07F4974B211FE6E5853ECFA]]></value>
<fieldname>CPE3</fieldname>
<value><![CDATA[LIGHTSALMON]]></value>
<fieldname>CPE4</fieldname>
<value><![CDATA[#FFA07A]]></value>
<fieldname>CPE5</fieldname>
<value><![CDATA[]]></value>
<fieldname>CPE0</fieldname>
<value><![CDATA[66F6E074E3E94DACA171B5561069B1DB]]></value>
<fieldname>CPE1</fieldname>
<value><![CDATA[51]]></value>
<fieldname>CPE2</fieldname>
<value><![CDATA[1B4FC327F07F4974B211FE6E5853ECFA]]></value>
<fieldname>CPE3</fieldname>
<value><![CDATA[GREEN]]></value>
<fieldname>CPE4</fieldname>
<value><![CDATA[#008000]]></value>
<fieldname>CPE5</fieldname>
<value><![CDATA[]]></value>
<fieldname>CPE0</fieldname>
<value><![CDATA[6B6E2933DDAE4B10A47EEFF39234CB9F]]></value>
<fieldname>CPE1</fieldname>
<value><![CDATA[106]]></value>
<fieldname>CPE2</fieldname>
<value><![CDATA[1B4FC327F07F4974B211FE6E5853ECFA]]></value>
<fieldname>CPE3</fieldname>
<value><![CDATA[PAPAYAWHIP]]></value>
<fieldname>CPE4</fieldname>
<value><![CDATA[#FFEFD5]]></value>
<fieldname>CPE5</fieldname>
<value><![CDATA[]]></value>
<fieldname>CPE0</fieldname>
<value><![CDATA[6CFBA059E9B242D4BAD7955AD89EC97B]]></value>
<fieldname>CPE1</fieldname>
<value><![CDATA[36]]></value>
<fieldname>CPE2</fieldname>
<value><![CDATA[1B4FC327F07F4974B211FE6E5853ECFA]]></value>
<fieldname>CPE3</fieldname>
<value><![CDATA[DARKTURQUOISE]]></value>
<fieldname>CPE4</fieldname>
<value><![CDATA[#00CED1]]></value>
<fieldname>CPE5</fieldname>
<value><![CDATA[]]></value>
<fieldname>CPE0</fieldname>
<value><![CDATA[6E17AF56E9BF46DF82DC40ED9CFD2B18]]></value>
<fieldname>CPE1</fieldname>
<value><![CDATA[29]]></value>
<fieldname>CPE2</fieldname>
<value><![CDATA[1B4FC327F07F4974B211FE6E5853ECFA]]></value>
<fieldname>CPE3</fieldname>
<value><![CDATA[DARKORANGE]]></value>
<fieldname>CPE4</fieldname>
<value><![CDATA[#FF8C00]]></value>
<fieldname>CPE5</fieldname>
<value><![CDATA[]]></value>
<fieldname>CPE0</fieldname>
<value><![CDATA[6F6BAE60C7924355902540C6569E165B]]></value>
<fieldname>CPE1</fieldname>
<value><![CDATA[90]]></value>
<fieldname>CPE2</fieldname>
<value><![CDATA[1B4FC327F07F4974B211FE6E5853ECFA]]></value>
<fieldname>CPE3</fieldname>
<value><![CDATA[MIDNIGHTBLUE]]></value>
<fieldname>CPE4</fieldname>
<value><![CDATA[#191970]]></value>
<fieldname>CPE5</fieldname>
<value><![CDATA[]]></value>
<fieldname>CPE0</fieldname>
<value><![CDATA[702CEA7A1A0C45F087C68DF7C122B2B1]]></value>
<fieldname>CPE1</fieldname>
<value><![CDATA[137]]></value>
<fieldname>CPE2</fieldname>
<value><![CDATA[1B4FC327F07F4974B211FE6E5853ECFA]]></value>
<fieldname>CPE3</fieldname>
<value><![CDATA[WHITESMOKE]]></value>
<fieldname>CPE4</fieldname>
<value><![CDATA[#F5F5F5]]></value>
<fieldname>CPE5</fieldname>
<value><![CDATA[]]></value>
<fieldname>CPE0</fieldname>
<value><![CDATA[75FD2D5897C840E083D7442AE80AD8D0]]></value>
<fieldname>CPE1</fieldname>
<value><![CDATA[83]]></value>
<fieldname>CPE2</fieldname>
<value><![CDATA[1B4FC327F07F4974B211FE6E5853ECFA]]></value>
<fieldname>CPE3</fieldname>
<value><![CDATA[MEDIUMORCHID]]></value>
<fieldname>CPE4</fieldname>
<value><![CDATA[#BA55D3]]></value>
<fieldname>CPE5</fieldname>
<value><![CDATA[]]></value>
<fieldname>CPE0</fieldname>
<value><![CDATA[7A58757812E241F4B181A83C7A2522E5]]></value>
<fieldname>CPE1</fieldname>
<value><![CDATA[13]]></value>
<fieldname>CPE2</fieldname>
<value><![CDATA[1B4FC327F07F4974B211FE6E5853ECFA]]></value>
<fieldname>CPE3</fieldname>
<value><![CDATA[CADETBLUE]]></value>
<fieldname>CPE4</fieldname>
<value><![CDATA[#5F9EA0]]></value>
<fieldname>CPE5</fieldname>
<value><![CDATA[]]></value>
<fieldname>CPE0</fieldname>
<value><![CDATA[7B9CC991393440BFA703937165AE8D3B]]></value>
<fieldname>CPE1</fieldname>
<value><![CDATA[9]]></value>
<fieldname>CPE2</fieldname>
<value><![CDATA[1B4FC327F07F4974B211FE6E5853ECFA]]></value>
<fieldname>CPE3</fieldname>
<value><![CDATA[BLUE]]></value>
<fieldname>CPE4</fieldname>
<value><![CDATA[#0000FF]]></value>
<fieldname>CPE5</fieldname>
<value><![CDATA[]]></value>
<fieldname>CPE0</fieldname>
<value><![CDATA[7C4A58F7E34241A0AC803F103B4040DA]]></value>
<fieldname>CPE1</fieldname>
<value><![CDATA[43]]></value>
<fieldname>CPE2</fieldname>
<value><![CDATA[1B4FC327F07F4974B211FE6E5853ECFA]]></value>
<fieldname>CPE3</fieldname>
<value><![CDATA[FLORALWHITE]]></value>
<fieldname>CPE4</fieldname>
<value><![CDATA[#FFFAF0]]></value>
<fieldname>CPE5</fieldname>
<value><![CDATA[]]></value>
<fieldname>CPE0</fieldname>
<value><![CDATA[7C7446E125CC4AED89C21A392135B3C9]]></value>
<fieldname>CPE1</fieldname>
<value><![CDATA[112]]></value>
<fieldname>CPE2</fieldname>
<value><![CDATA[1B4FC327F07F4974B211FE6E5853ECFA]]></value>
<fieldname>CPE3</fieldname>
<value><![CDATA[PURPLE]]></value>
<fieldname>CPE4</fieldname>
<value><![CDATA[#800080]]></value>
<fieldname>CPE5</fieldname>
<value><![CDATA[]]></value>
<fieldname>CPE0</fieldname>
<value><![CDATA[7D46AECD79834E84B08383CD4CBB3115]]></value>
<fieldname>CPE1</fieldname>
<value><![CDATA[69]]></value>
<fieldname>CPE2</fieldname>
<value><![CDATA[1B4FC327F07F4974B211FE6E5853ECFA]]></value>
<fieldname>CPE3</fieldname>
<value><![CDATA[LIGHTPINK]]></value>
<fieldname>CPE4</fieldname>
<value><![CDATA[#FFB6C1]]></value>
<fieldname>CPE5</fieldname>
<value><![CDATA[]]></value>
<fieldname>CPE0</fieldname>
<value><![CDATA[7E5B30D7C80E4FD6ACA6D75C25055E9B]]></value>
<fieldname>CPE1</fieldname>
<value><![CDATA[92]]></value>
<fieldname>CPE2</fieldname>
<value><![CDATA[1B4FC327F07F4974B211FE6E5853ECFA]]></value>
<fieldname>CPE3</fieldname>
<value><![CDATA[MISTYROSE]]></value>
<fieldname>CPE4</fieldname>
<value><![CDATA[#FFE4E1]]></value>
<fieldname>CPE5</fieldname>
<value><![CDATA[]]></value>
<fieldname>CPE0</fieldname>
<value><![CDATA[7ED7D05980494B76B3194BD5799869C6]]></value>
<fieldname>CPE1</fieldname>
<value><![CDATA[58]]></value>
<fieldname>CPE2</fieldname>
<value><![CDATA[1B4FC327F07F4974B211FE6E5853ECFA]]></value>
<fieldname>CPE3</fieldname>
<value><![CDATA[KHAKI]]></value>
<fieldname>CPE4</fieldname>
<value><![CDATA[#F0E68C]]></value>
<fieldname>CPE5</fieldname>
<value><![CDATA[]]></value>
<fieldname>CPE0</fieldname>
<value><![CDATA[8056F2CA73624556971342CC5F72E8A9]]></value>
<fieldname>CPE1</fieldname>
<value><![CDATA[55]]></value>
<fieldname>CPE2</fieldname>
<value><![CDATA[1B4FC327F07F4974B211FE6E5853ECFA]]></value>
<fieldname>CPE3</fieldname>
<value><![CDATA[INDIANRED]]></value>
<fieldname>CPE4</fieldname>
<value><![CDATA[#CD5C5C]]></value>
<fieldname>CPE5</fieldname>
<value><![CDATA[]]></value>
<fieldname>CPE0</fieldname>
<value><![CDATA[81D906A80805437D9E03B4FABC770B51]]></value>
<fieldname>CPE1</fieldname>
<value><![CDATA[79]]></value>
<fieldname>CPE2</fieldname>
<value><![CDATA[1B4FC327F07F4974B211FE6E5853ECFA]]></value>
<fieldname>CPE3</fieldname>
<value><![CDATA[MAGENTA]]></value>
<fieldname>CPE4</fieldname>
<value><![CDATA[#FF00FF]]></value>
<fieldname>CPE5</fieldname>
<value><![CDATA[]]></value>
<fieldname>CPE0</fieldname>
<value><![CDATA[8273D295CBD44F008D8AF51F0F944ABF]]></value>
<fieldname>CPE1</fieldname>
<value><![CDATA[88]]></value>
<fieldname>CPE2</fieldname>
<value><![CDATA[1B4FC327F07F4974B211FE6E5853ECFA]]></value>
<fieldname>CPE3</fieldname>
<value><![CDATA[MEDIUMTURQUOISE]]></value>
<fieldname>CPE4</fieldname>
<value><![CDATA[#48D1CC]]></value>
<fieldname>CPE5</fieldname>
<value><![CDATA[]]></value>
<fieldname>CPE0</fieldname>
<value><![CDATA[82BB2358EEFD4B99A338277603C2954F]]></value>
<fieldname>CPE1</fieldname>
<value><![CDATA[136]]></value>
<fieldname>CPE2</fieldname>
<value><![CDATA[1B4FC327F07F4974B211FE6E5853ECFA]]></value>
<fieldname>CPE3</fieldname>
<value><![CDATA[WHITE]]></value>
<fieldname>CPE4</fieldname>
<value><![CDATA[#FFFFFF]]></value>
<fieldname>CPE5</fieldname>
<value><![CDATA[]]></value>
<fieldname>CPE0</fieldname>
<value><![CDATA[83A1031DC16F48FF94A2D254B15C1C18]]></value>
<fieldname>CPE1</fieldname>
<value><![CDATA[41]]></value>
<fieldname>CPE2</fieldname>
<value><![CDATA[1B4FC327F07F4974B211FE6E5853ECFA]]></value>
<fieldname>CPE3</fieldname>
<value><![CDATA[DODGERBLUE]]></value>
<fieldname>CPE4</fieldname>
<value><![CDATA[#1E90FF]]></value>
<fieldname>CPE5</fieldname>
<value><![CDATA[]]></value>
<fieldname>CPE0</fieldname>
<value><![CDATA[84A855018F534F1CBF07D8489F9DAFBF]]></value>
<fieldname>CPE1</fieldname>
<value><![CDATA[113]]></value>
<fieldname>CPE2</fieldname>
<value><![CDATA[1B4FC327F07F4974B211FE6E5853ECFA]]></value>
<fieldname>CPE3</fieldname>
<value><![CDATA[RED]]></value>
<fieldname>CPE4</fieldname>
<value><![CDATA[#FF0000]]></value>
<fieldname>CPE5</fieldname>
<value><![CDATA[]]></value>
<fieldname>CPE0</fieldname>
<value><![CDATA[855FE4E537FC46A49480D0C9E3327153]]></value>
<fieldname>CPE1</fieldname>
<value><![CDATA[15]]></value>
<fieldname>CPE2</fieldname>
<value><![CDATA[1B4FC327F07F4974B211FE6E5853ECFA]]></value>
<fieldname>CPE3</fieldname>
<value><![CDATA[CHOCOLATE]]></value>
<fieldname>CPE4</fieldname>
<value><![CDATA[#D2691E]]></value>
<fieldname>CPE5</fieldname>
<value><![CDATA[]]></value>
<fieldname>CPE0</fieldname>
<value><![CDATA[86E3EF7B89774769842DA7BD40DBDAA6]]></value>
<fieldname>CPE1</fieldname>
<value><![CDATA[38]]></value>
<fieldname>CPE2</fieldname>
<value><![CDATA[1B4FC327F07F4974B211FE6E5853ECFA]]></value>
<fieldname>CPE3</fieldname>
<value><![CDATA[DEEPPINK]]></value>
<fieldname>CPE4</fieldname>
<value><![CDATA[#FF1493]]></value>
<fieldname>CPE5</fieldname>
<value><![CDATA[]]></value>
<fieldname>CPE0</fieldname>
<value><![CDATA[8A6A46B2351140BE9DC573458F2D4A02]]></value>
<fieldname>CPE1</fieldname>
<value><![CDATA[32]]></value>
<fieldname>CPE2</fieldname>
<value><![CDATA[1B4FC327F07F4974B211FE6E5853ECFA]]></value>
<fieldname>CPE3</fieldname>
<value><![CDATA[DARKSALMON]]></value>
<fieldname>CPE4</fieldname>
<value><![CDATA[#E9967A]]></value>
<fieldname>CPE5</fieldname>
<value><![CDATA[]]></value>
<fieldname>CPE0</fieldname>
<value><![CDATA[8D2870B67E764ACCBEED1F64187B355E]]></value>
<fieldname>CPE1</fieldname>
<value><![CDATA[122]]></value>
<fieldname>CPE2</fieldname>
<value><![CDATA[1B4FC327F07F4974B211FE6E5853ECFA]]></value>
<fieldname>CPE3</fieldname>
<value><![CDATA[SILVER]]></value>
<fieldname>CPE4</fieldname>
<value><![CDATA[#C0C0C0]]></value>
<fieldname>CPE5</fieldname>
<value><![CDATA[]]></value>
<fieldname>CPE0</fieldname>
<value><![CDATA[92BAE0F4B97F4475831D60E61BAD5A3B]]></value>
<fieldname>CPE1</fieldname>
<value><![CDATA[39]]></value>
<fieldname>CPE2</fieldname>
<value><![CDATA[1B4FC327F07F4974B211FE6E5853ECFA]]></value>
<fieldname>CPE3</fieldname>
<value><![CDATA[DEEPSKYBLUE]]></value>
<fieldname>CPE4</fieldname>
<value><![CDATA[#00BFFF]]></value>
<fieldname>CPE5</fieldname>
<value><![CDATA[]]></value>
<fieldname>CPE0</fieldname>
<value><![CDATA[93C2B29EB8BA4C8CA310B06CF8C7AF57]]></value>
<fieldname>CPE1</fieldname>
<value><![CDATA[124]]></value>
<fieldname>CPE2</fieldname>
<value><![CDATA[1B4FC327F07F4974B211FE6E5853ECFA]]></value>
<fieldname>CPE3</fieldname>
<value><![CDATA[SLATEBLUE]]></value>
<fieldname>CPE4</fieldname>
<value><![CDATA[#6A5ACD]]></value>
<fieldname>CPE5</fieldname>
<value><![CDATA[]]></value>
<fieldname>CPE0</fieldname>
<value><![CDATA[93FA8810485E43D383CD42FD13576B32]]></value>
<fieldname>CPE1</fieldname>
<value><![CDATA[72]]></value>
<fieldname>CPE2</fieldname>
<value><![CDATA[1B4FC327F07F4974B211FE6E5853ECFA]]></value>
<fieldname>CPE3</fieldname>
<value><![CDATA[LIGHTSKYBLUE]]></value>
<fieldname>CPE4</fieldname>
<value><![CDATA[#87CEFA]]></value>
<fieldname>CPE5</fieldname>
<value><![CDATA[]]></value>
<fieldname>CPE0</fieldname>
<value><![CDATA[94CE2C3BDA12467A935B1E6D2E81626D]]></value>
<fieldname>CPE1</fieldname>
<value><![CDATA[61]]></value>
<fieldname>CPE2</fieldname>
<value><![CDATA[1B4FC327F07F4974B211FE6E5853ECFA]]></value>
<fieldname>CPE3</fieldname>
<value><![CDATA[LAWNGREEN]]></value>
<fieldname>CPE4</fieldname>
<value><![CDATA[#7CFC00]]></value>
<fieldname>CPE5</fieldname>
<value><![CDATA[]]></value>
<fieldname>CPE0</fieldname>
<value><![CDATA[960D032B683D40E8A1EA7EAB00659C17]]></value>
<fieldname>CPE1</fieldname>
<value><![CDATA[10]]></value>
<fieldname>CPE2</fieldname>
<value><![CDATA[1B4FC327F07F4974B211FE6E5853ECFA]]></value>
<fieldname>CPE3</fieldname>
<value><![CDATA[BLUEVIOLET]]></value>
<fieldname>CPE4</fieldname>
<value><![CDATA[#8A2BE2]]></value>
<fieldname>CPE5</fieldname>
<value><![CDATA[]]></value>
<fieldname>CPE0</fieldname>
<value><![CDATA[989BFF9C6B2E486B9874793B647DFE6C]]></value>
<fieldname>CPE1</fieldname>
<value><![CDATA[135]]></value>
<fieldname>CPE2</fieldname>
<value><![CDATA[1B4FC327F07F4974B211FE6E5853ECFA]]></value>
<fieldname>CPE3</fieldname>
<value><![CDATA[WHEAT]]></value>
<fieldname>CPE4</fieldname>
<value><![CDATA[#F5DEB3]]></value>
<fieldname>CPE5</fieldname>
<value><![CDATA[]]></value>
<fieldname>CPE0</fieldname>
<value><![CDATA[9A38B2869D3C477F98D2D5B467A163CF]]></value>
<fieldname>CPE1</fieldname>
<value><![CDATA[130]]></value>
<fieldname>CPE2</fieldname>
<value><![CDATA[1B4FC327F07F4974B211FE6E5853ECFA]]></value>
<fieldname>CPE3</fieldname>
<value><![CDATA[TEAL]]></value>
<fieldname>CPE4</fieldname>
<value><![CDATA[#008080]]></value>
<fieldname>CPE5</fieldname>
<value><![CDATA[]]></value>
<fieldname>CPE0</fieldname>
<value><![CDATA[9A716E08C95A498981BAA26F2EF50FC0]]></value>
<fieldname>CPE1</fieldname>
<value><![CDATA[80]]></value>
<fieldname>CPE2</fieldname>
<value><![CDATA[1B4FC327F07F4974B211FE6E5853ECFA]]></value>
<fieldname>CPE3</fieldname>
<value><![CDATA[MAROON]]></value>
<fieldname>CPE4</fieldname>
<value><![CDATA[#800000]]></value>
<fieldname>CPE5</fieldname>
<value><![CDATA[]]></value>
<fieldname>CPE0</fieldname>
<value><![CDATA[9CC394AF12904421B91C8F36DE8AFBA0]]></value>
<fieldname>CPE1</fieldname>
<value><![CDATA[1]]></value>
<fieldname>CPE2</fieldname>
<value><![CDATA[1B4FC327F07F4974B211FE6E5853ECFA]]></value>
<fieldname>CPE3</fieldname>
<value><![CDATA[ANTIQUEWHITE]]></value>
<fieldname>CPE4</fieldname>
<value><![CDATA[#FAEBD7]]></value>
<fieldname>CPE5</fieldname>
<value><![CDATA[]]></value>
<fieldname>CPE0</fieldname>
<value><![CDATA[9E2D4251FFF84C3CBDFD3F7C31D340FD]]></value>
<fieldname>CPE1</fieldname>
<value><![CDATA[60]]></value>
<fieldname>CPE2</fieldname>
<value><![CDATA[1B4FC327F07F4974B211FE6E5853ECFA]]></value>
<fieldname>CPE3</fieldname>
<value><![CDATA[LAVENDERBLUSH]]></value>
<fieldname>CPE4</fieldname>
<value><![CDATA[#FFF0F5]]></value>
<fieldname>CPE5</fieldname>
<value><![CDATA[]]></value>
<fieldname>CPE0</fieldname>
<value><![CDATA[9E851077761A4DFF8F0558511DD69233]]></value>
<fieldname>CPE1</fieldname>
<value><![CDATA[139]]></value>
<fieldname>CPE2</fieldname>
<value><![CDATA[1B4FC327F07F4974B211FE6E5853ECFA]]></value>
<fieldname>CPE3</fieldname>
<value><![CDATA[YELLOWGREEN]]></value>
<fieldname>CPE4</fieldname>
<value><![CDATA[#9ACD32]]></value>
<fieldname>CPE5</fieldname>
<value><![CDATA[]]></value>
<fieldname>CPE0</fieldname>
<value><![CDATA[A24E3C5CB6944634ADB5655CB0FEC6EA]]></value>
<fieldname>CPE1</fieldname>
<value><![CDATA[94]]></value>
<fieldname>CPE2</fieldname>
<value><![CDATA[1B4FC327F07F4974B211FE6E5853ECFA]]></value>
<fieldname>CPE3</fieldname>
<value><![CDATA[NAVAJOWHITE]]></value>
<fieldname>CPE4</fieldname>
<value><![CDATA[#FFDEAD]]></value>
<fieldname>CPE5</fieldname>
<value><![CDATA[]]></value>
<fieldname>CPE0</fieldname>
<value><![CDATA[A2B7F5FF21E84910B1D85CB229002C1D]]></value>
<fieldname>CPE1</fieldname>
<value><![CDATA[35]]></value>
<fieldname>CPE2</fieldname>
<value><![CDATA[1B4FC327F07F4974B211FE6E5853ECFA]]></value>
<fieldname>CPE3</fieldname>
<value><![CDATA[DARKSLATEGRAY]]></value>
<fieldname>CPE4</fieldname>
<value><![CDATA[#2F4F4F]]></value>
<fieldname>CPE5</fieldname>
<value><![CDATA[]]></value>
<fieldname>CPE0</fieldname>
<value><![CDATA[A3AC0AA107404F788E336D74C44CACEC]]></value>
<fieldname>CPE1</fieldname>
<value><![CDATA[18]]></value>
<fieldname>CPE2</fieldname>
<value><![CDATA[1B4FC327F07F4974B211FE6E5853ECFA]]></value>
<fieldname>CPE3</fieldname>
<value><![CDATA[CORNSILK]]></value>
<fieldname>CPE4</fieldname>
<value><![CDATA[#FFF8DC]]></value>
<fieldname>CPE5</fieldname>
<value><![CDATA[]]></value>
<fieldname>CPE0</fieldname>
<value><![CDATA[A419F166C2034892AFEBD9DA38437166]]></value>
<fieldname>CPE1</fieldname>
<value><![CDATA[31]]></value>
<fieldname>CPE2</fieldname>
<value><![CDATA[1B4FC327F07F4974B211FE6E5853ECFA]]></value>
<fieldname>CPE3</fieldname>
<value><![CDATA[DARKRED]]></value>
<fieldname>CPE4</fieldname>
<value><![CDATA[#8B0000]]></value>
<fieldname>CPE5</fieldname>
<value><![CDATA[]]></value>
<fieldname>CPE0</fieldname>
<value><![CDATA[A476A7984F3344DD8AA665F500746645]]></value>
<fieldname>CPE1</fieldname>
<value><![CDATA[56]]></value>
<fieldname>CPE2</fieldname>
<value><![CDATA[1B4FC327F07F4974B211FE6E5853ECFA]]></value>
<fieldname>CPE3</fieldname>
<value><![CDATA[INDIGO]]></value>
<fieldname>CPE4</fieldname>
<value><![CDATA[#4B0082]]></value>
<fieldname>CPE5</fieldname>
<value><![CDATA[]]></value>
<fieldname>CPE0</fieldname>
<value><![CDATA[A5CD1121ED3544F5971594DA7ED9A1A5]]></value>
<fieldname>CPE1</fieldname>
<value><![CDATA[50]]></value>
<fieldname>CPE2</fieldname>
<value><![CDATA[1B4FC327F07F4974B211FE6E5853ECFA]]></value>
<fieldname>CPE3</fieldname>
<value><![CDATA[GRAY]]></value>
<fieldname>CPE4</fieldname>
<value><![CDATA[#808080]]></value>
<fieldname>CPE5</fieldname>
<value><![CDATA[]]></value>
<fieldname>CPE0</fieldname>
<value><![CDATA[AD6FAB77E4724AAFA09FE241C6DFAF91]]></value>
<fieldname>CPE1</fieldname>
<value><![CDATA[132]]></value>
<fieldname>CPE2</fieldname>
<value><![CDATA[1B4FC327F07F4974B211FE6E5853ECFA]]></value>
<fieldname>CPE3</fieldname>
<value><![CDATA[TOMATO]]></value>
<fieldname>CPE4</fieldname>
<value><![CDATA[#FF6347]]></value>
<fieldname>CPE5</fieldname>
<value><![CDATA[]]></value>
<fieldname>CPE0</fieldname>
<value><![CDATA[AE23941B6209469B8FCE79E72E210E7F]]></value>
<fieldname>CPE1</fieldname>
<value><![CDATA[99]]></value>
<fieldname>CPE2</fieldname>
<value><![CDATA[1B4FC327F07F4974B211FE6E5853ECFA]]></value>
<fieldname>CPE3</fieldname>
<value><![CDATA[ORANGE]]></value>
<fieldname>CPE4</fieldname>
<value><![CDATA[#FFA500]]></value>
<fieldname>CPE5</fieldname>
<value><![CDATA[]]></value>
<fieldname>CPE0</fieldname>
<value><![CDATA[AE2E114A1CFE436ABE43F0FA5749DBFE]]></value>
<fieldname>CPE1</fieldname>
<value><![CDATA[84]]></value>
<fieldname>CPE2</fieldname>
<value><![CDATA[1B4FC327F07F4974B211FE6E5853ECFA]]></value>
<fieldname>CPE3</fieldname>
<value><![CDATA[MEDIUMPURPLE]]></value>
<fieldname>CPE4</fieldname>
<value><![CDATA[#9370DB]]></value>
<fieldname>CPE5</fieldname>
<value><![CDATA[]]></value>
<fieldname>CPE0</fieldname>
<value><![CDATA[B05439823651481A875379D508F4BBDE]]></value>
<fieldname>CPE1</fieldname>
<value><![CDATA[110]]></value>
<fieldname>CPE2</fieldname>
<value><![CDATA[1B4FC327F07F4974B211FE6E5853ECFA]]></value>
<fieldname>CPE3</fieldname>
<value><![CDATA[PLUM]]></value>
<fieldname>CPE4</fieldname>
<value><![CDATA[#DDA0DD]]></value>
<fieldname>CPE5</fieldname>
<value><![CDATA[]]></value>
<fieldname>CPE0</fieldname>
<value><![CDATA[B656A9E71F7B43418D8234874834D934]]></value>
<fieldname>CPE1</fieldname>
<value><![CDATA[3]]></value>
<fieldname>CPE2</fieldname>
<value><![CDATA[1B4FC327F07F4974B211FE6E5853ECFA]]></value>
<fieldname>CPE3</fieldname>
<value><![CDATA[AQUAMARINE]]></value>
<fieldname>CPE4</fieldname>
<value><![CDATA[#7FFFD4]]></value>
<fieldname>CPE5</fieldname>
<value><![CDATA[]]></value>
<fieldname>CPE0</fieldname>
<value><![CDATA[B6D985F09B6B4A9B9B4C359640261533]]></value>
<fieldname>CPE1</fieldname>
<value><![CDATA[37]]></value>
<fieldname>CPE2</fieldname>
<value><![CDATA[1B4FC327F07F4974B211FE6E5853ECFA]]></value>
<fieldname>CPE3</fieldname>
<value><![CDATA[DARKVIOLET]]></value>
<fieldname>CPE4</fieldname>
<value><![CDATA[#9400D3]]></value>
<fieldname>CPE5</fieldname>
<value><![CDATA[]]></value>
<fieldname>CPE0</fieldname>
<value><![CDATA[B7DF4EAE07EF49AEB3CC01F7427A31FA]]></value>
<fieldname>CPE1</fieldname>
<value><![CDATA[17]]></value>
<fieldname>CPE2</fieldname>
<value><![CDATA[1B4FC327F07F4974B211FE6E5853ECFA]]></value>
<fieldname>CPE3</fieldname>
<value><![CDATA[CORNFLOWER]]></value>
<fieldname>CPE4</fieldname>
<value><![CDATA[#6495ED]]></value>
<fieldname>CPE5</fieldname>
<value><![CDATA[]]></value>
<fieldname>CPE0</fieldname>
<value><![CDATA[B8389B37A1DB4295A3D571DE51F539B4]]></value>
<fieldname>CPE1</fieldname>
<value><![CDATA[25]]></value>
<fieldname>CPE2</fieldname>
<value><![CDATA[1B4FC327F07F4974B211FE6E5853ECFA]]></value>
<fieldname>CPE3</fieldname>
<value><![CDATA[DARKGREEN]]></value>
<fieldname>CPE4</fieldname>
<value><![CDATA[#006400]]></value>
<fieldname>CPE5</fieldname>
<value><![CDATA[]]></value>
<fieldname>CPE0</fieldname>
<value><![CDATA[B9109D4C37F0464E99651A6C14DC938B]]></value>
<fieldname>CPE1</fieldname>
<value><![CDATA[26]]></value>
<fieldname>CPE2</fieldname>
<value><![CDATA[1B4FC327F07F4974B211FE6E5853ECFA]]></value>
<fieldname>CPE3</fieldname>
<value><![CDATA[DARKKHAKI]]></value>
<fieldname>CPE4</fieldname>
<value><![CDATA[#BDB76B]]></value>
<fieldname>CPE5</fieldname>
<value><![CDATA[]]></value>
<fieldname>CPE0</fieldname>
<value><![CDATA[B9E5E508A51C4731B90EED0B30B90E3C]]></value>
<fieldname>CPE1</fieldname>
<value><![CDATA[111]]></value>
<fieldname>CPE2</fieldname>
<value><![CDATA[1B4FC327F07F4974B211FE6E5853ECFA]]></value>
<fieldname>CPE3</fieldname>
<value><![CDATA[POWDERBLUE]]></value>
<fieldname>CPE4</fieldname>
<value><![CDATA[#B0E0E6]]></value>
<fieldname>CPE5</fieldname>
<value><![CDATA[]]></value>
<fieldname>CPE0</fieldname>
<value><![CDATA[BA79FC643A2B4C379786D4DE79C287CB]]></value>
<fieldname>CPE1</fieldname>
<value><![CDATA[23]]></value>
<fieldname>CPE2</fieldname>
<value><![CDATA[1B4FC327F07F4974B211FE6E5853ECFA]]></value>
<fieldname>CPE3</fieldname>
<value><![CDATA[DARKGOLDENROD]]></value>
<fieldname>CPE4</fieldname>
<value><![CDATA[#B8860B]]></value>
<fieldname>CPE5</fieldname>
<value><![CDATA[]]></value>
<fieldname>CPE0</fieldname>
<value><![CDATA[BB254466AD4E41E3BC2D52875F3E12A4]]></value>
<fieldname>CPE1</fieldname>
<value><![CDATA[96]]></value>
<fieldname>CPE2</fieldname>
<value><![CDATA[1B4FC327F07F4974B211FE6E5853ECFA]]></value>
<fieldname>CPE3</fieldname>
<value><![CDATA[OLDLACE]]></value>
<fieldname>CPE4</fieldname>
<value><![CDATA[#FDF5E6]]></value>
<fieldname>CPE5</fieldname>
<value><![CDATA[]]></value>
<fieldname>CPE0</fieldname>
<value><![CDATA[BB3B2A5347714BACAEC3B1A2C33AAAA4]]></value>
<fieldname>CPE1</fieldname>
<value><![CDATA[73]]></value>
<fieldname>CPE2</fieldname>
<value><![CDATA[1B4FC327F07F4974B211FE6E5853ECFA]]></value>
<fieldname>CPE3</fieldname>
<value><![CDATA[LIGHTSLATEGRAY]]></value>
<fieldname>CPE4</fieldname>
<value><![CDATA[#778899]]></value>
<fieldname>CPE5</fieldname>
<value><![CDATA[]]></value>
<fieldname>CPE0</fieldname>
<value><![CDATA[BF4D29A852C04E289821386D1E044B21]]></value>
<fieldname>CPE1</fieldname>
<value><![CDATA[117]]></value>
<fieldname>CPE2</fieldname>
<value><![CDATA[1B4FC327F07F4974B211FE6E5853ECFA]]></value>
<fieldname>CPE3</fieldname>
<value><![CDATA[SALMON]]></value>
<fieldname>CPE4</fieldname>
<value><![CDATA[#FA8072]]></value>
<fieldname>CPE5</fieldname>
<value><![CDATA[]]></value>
<fieldname>CPE0</fieldname>
<value><![CDATA[C0248808C3F649DE80092A55A76F8E56]]></value>
<fieldname>CPE1</fieldname>
<value><![CDATA[115]]></value>
<fieldname>CPE2</fieldname>
<value><![CDATA[1B4FC327F07F4974B211FE6E5853ECFA]]></value>
<fieldname>CPE3</fieldname>
<value><![CDATA[ROYALBLUE]]></value>
<fieldname>CPE4</fieldname>
<value><![CDATA[#4169E1]]></value>
<fieldname>CPE5</fieldname>
<value><![CDATA[]]></value>
<fieldname>CPE0</fieldname>
<value><![CDATA[C700AF37752F4AFDBCD3F7EB5A81C4BC]]></value>
<fieldname>CPE1</fieldname>
<value><![CDATA[65]]></value>
<fieldname>CPE2</fieldname>
<value><![CDATA[1B4FC327F07F4974B211FE6E5853ECFA]]></value>
<fieldname>CPE3</fieldname>
<value><![CDATA[LIGHTCYAN]]></value>
<fieldname>CPE4</fieldname>
<value><![CDATA[#E0FFFF]]></value>
<fieldname>CPE5</fieldname>
<value><![CDATA[]]></value>
<fieldname>CPE0</fieldname>
<value><![CDATA[C818A5A284714572A4C7151326606452]]></value>
<fieldname>CPE1</fieldname>
<value><![CDATA[129]]></value>
<fieldname>CPE2</fieldname>
<value><![CDATA[1B4FC327F07F4974B211FE6E5853ECFA]]></value>
<fieldname>CPE3</fieldname>
<value><![CDATA[TAN]]></value>
<fieldname>CPE4</fieldname>
<value><![CDATA[#D2B48C]]></value>
<fieldname>CPE5</fieldname>
<value><![CDATA[]]></value>
<fieldname>CPE0</fieldname>
<value><![CDATA[CA18A054EBD14D46BC0CFE90AFBA9220]]></value>
<fieldname>CPE1</fieldname>
<value><![CDATA[7]]></value>
<fieldname>CPE2</fieldname>
<value><![CDATA[1B4FC327F07F4974B211FE6E5853ECFA]]></value>
<fieldname>CPE3</fieldname>
<value><![CDATA[BLACK]]></value>
<fieldname>CPE4</fieldname>
<value><![CDATA[#000000]]></value>
<fieldname>CPE5</fieldname>
<value><![CDATA[]]></value>
<fieldname>CPE0</fieldname>
<value><![CDATA[CBFC102D978044F9AC8E6412753E2CD2]]></value>
<fieldname>CPE1</fieldname>
<value><![CDATA[12]]></value>
<fieldname>CPE2</fieldname>
<value><![CDATA[1B4FC327F07F4974B211FE6E5853ECFA]]></value>
<fieldname>CPE3</fieldname>
<value><![CDATA[BURLYWOOD]]></value>
<fieldname>CPE4</fieldname>
<value><![CDATA[#DEB887]]></value>
<fieldname>CPE5</fieldname>
<value><![CDATA[]]></value>
<fieldname>CPE0</fieldname>
<value><![CDATA[D17A9C2B03A448C687867D105E90F0D5]]></value>
<fieldname>CPE1</fieldname>
<value><![CDATA[85]]></value>
<fieldname>CPE2</fieldname>
<value><![CDATA[1B4FC327F07F4974B211FE6E5853ECFA]]></value>
<fieldname>CPE3</fieldname>
<value><![CDATA[MEDIUMSEAGREEN]]></value>
<fieldname>CPE4</fieldname>
<value><![CDATA[#3CB371]]></value>
<fieldname>CPE5</fieldname>
<value><![CDATA[]]></value>
<fieldname>CPE0</fieldname>
<value><![CDATA[D892ACFB105C407FB65E5AAAEC4B0CEF]]></value>
<fieldname>CPE1</fieldname>
<value><![CDATA[101]]></value>
<fieldname>CPE2</fieldname>
<value><![CDATA[1B4FC327F07F4974B211FE6E5853ECFA]]></value>
<fieldname>CPE3</fieldname>
<value><![CDATA[ORCHID]]></value>
<fieldname>CPE4</fieldname>
<value><![CDATA[#DA70D6]]></value>
<fieldname>CPE5</fieldname>
<value><![CDATA[]]></value>
<fieldname>CPE0</fieldname>
<value><![CDATA[DA5BE624793441BFA42ED56C24B9978D]]></value>
<fieldname>CPE1</fieldname>
<value><![CDATA[131]]></value>
<fieldname>CPE2</fieldname>
<value><![CDATA[1B4FC327F07F4974B211FE6E5853ECFA]]></value>
<fieldname>CPE3</fieldname>
<value><![CDATA[THISTLE]]></value>
<fieldname>CPE4</fieldname>
<value><![CDATA[#D8BFD8]]></value>
<fieldname>CPE5</fieldname>
<value><![CDATA[]]></value>
<fieldname>CPE0</fieldname>
<value><![CDATA[DB5D6CDE83F64DD68A523C4F71CF7DCA]]></value>
<fieldname>CPE1</fieldname>
<value><![CDATA[21]]></value>
<fieldname>CPE2</fieldname>
<value><![CDATA[1B4FC327F07F4974B211FE6E5853ECFA]]></value>
<fieldname>CPE3</fieldname>
<value><![CDATA[DARKBLUE]]></value>
<fieldname>CPE4</fieldname>
<value><![CDATA[#00008B]]></value>
<fieldname>CPE5</fieldname>
<value><![CDATA[]]></value>
<fieldname>CPE0</fieldname>
<value><![CDATA[DBC391965624444399FB1639D56D7B6B]]></value>
<fieldname>CPE1</fieldname>
<value><![CDATA[67]]></value>
<fieldname>CPE2</fieldname>
<value><![CDATA[1B4FC327F07F4974B211FE6E5853ECFA]]></value>
<fieldname>CPE3</fieldname>
<value><![CDATA[LIGHTGREEN]]></value>
<fieldname>CPE4</fieldname>
<value><![CDATA[#90EE90]]></value>
<fieldname>CPE5</fieldname>
<value><![CDATA[]]></value>
<fieldname>CPE0</fieldname>
<value><![CDATA[DD09820451084F0C9293AB08D13D9504]]></value>
<fieldname>CPE1</fieldname>
<value><![CDATA[2]]></value>
<fieldname>CPE2</fieldname>
<value><![CDATA[1B4FC327F07F4974B211FE6E5853ECFA]]></value>
<fieldname>CPE3</fieldname>
<value><![CDATA[AQUA]]></value>
<fieldname>CPE4</fieldname>
<value><![CDATA[#00FFFF]]></value>
<fieldname>CPE5</fieldname>
<value><![CDATA[]]></value>
<fieldname>CPE0</fieldname>
<value><![CDATA[DF32DAAE3ACA4AF38ECE2B48B08B082C]]></value>
<fieldname>CPE1</fieldname>
<value><![CDATA[4]]></value>
<fieldname>CPE2</fieldname>
<value><![CDATA[1B4FC327F07F4974B211FE6E5853ECFA]]></value>
<fieldname>CPE3</fieldname>
<value><![CDATA[AZURE]]></value>
<fieldname>CPE4</fieldname>
<value><![CDATA[#F0FFFF]]></value>
<fieldname>CPE5</fieldname>
<value><![CDATA[]]></value>
<fieldname>CPE0</fieldname>
<value><![CDATA[E08C0223A7A34580B8869659785F2B18]]></value>
<fieldname>CPE1</fieldname>
<value><![CDATA[91]]></value>
<fieldname>CPE2</fieldname>
<value><![CDATA[1B4FC327F07F4974B211FE6E5853ECFA]]></value>
<fieldname>CPE3</fieldname>
<value><![CDATA[MINTCREAM]]></value>
<fieldname>CPE4</fieldname>
<value><![CDATA[#F5FFFA]]></value>
<fieldname>CPE5</fieldname>
<value><![CDATA[]]></value>
<fieldname>CPE0</fieldname>
<value><![CDATA[E161FE3DA31E4EA6B50550DC1AF16F68]]></value>
<fieldname>CPE1</fieldname>
<value><![CDATA[138]]></value>
<fieldname>CPE2</fieldname>
<value><![CDATA[1B4FC327F07F4974B211FE6E5853ECFA]]></value>
<fieldname>CPE3</fieldname>
<value><![CDATA[YELLOW]]></value>
<fieldname>CPE4</fieldname>
<value><![CDATA[#FFFF00]]></value>
<fieldname>CPE5</fieldname>
<value><![CDATA[]]></value>
<fieldname>CPE0</fieldname>
<value><![CDATA[E3253806BC0C469EA2BDD259D2D9A83B]]></value>
<fieldname>CPE1</fieldname>
<value><![CDATA[19]]></value>
<fieldname>CPE2</fieldname>
<value><![CDATA[1B4FC327F07F4974B211FE6E5853ECFA]]></value>
<fieldname>CPE3</fieldname>
<value><![CDATA[CRIMSON]]></value>
<fieldname>CPE4</fieldname>
<value><![CDATA[#DC143C]]></value>
<fieldname>CPE5</fieldname>
<value><![CDATA[]]></value>
<fieldname>CPE0</fieldname>
<value><![CDATA[E61919E8425340B1911AD87D660AE2EA]]></value>
<fieldname>CPE1</fieldname>
<value><![CDATA[109]]></value>
<fieldname>CPE2</fieldname>
<value><![CDATA[1B4FC327F07F4974B211FE6E5853ECFA]]></value>
<fieldname>CPE3</fieldname>
<value><![CDATA[PINK]]></value>
<fieldname>CPE4</fieldname>
<value><![CDATA[#FFC0CB]]></value>
<fieldname>CPE5</fieldname>
<value><![CDATA[]]></value>
<fieldname>CPE0</fieldname>
<value><![CDATA[E61ECED8ADA843828FC92CA2E357585D]]></value>
<fieldname>CPE1</fieldname>
<value><![CDATA[64]]></value>
<fieldname>CPE2</fieldname>
<value><![CDATA[1B4FC327F07F4974B211FE6E5853ECFA]]></value>
<fieldname>CPE3</fieldname>
<value><![CDATA[LIGHTCORAL]]></value>
<fieldname>CPE4</fieldname>
<value><![CDATA[#F08080]]></value>
<fieldname>CPE5</fieldname>
<value><![CDATA[]]></value>
<fieldname>CPE0</fieldname>
<value><![CDATA[EACD50CBC8E549D0AC94D467F8A2C677]]></value>
<fieldname>CPE1</fieldname>
<value><![CDATA[49]]></value>
<fieldname>CPE2</fieldname>
<value><![CDATA[1B4FC327F07F4974B211FE6E5853ECFA]]></value>
<fieldname>CPE3</fieldname>
<value><![CDATA[GOLDENROD]]></value>
<fieldname>CPE4</fieldname>
<value><![CDATA[#DAA520]]></value>
<fieldname>CPE5</fieldname>
<value><![CDATA[]]></value>
<fieldname>CPE0</fieldname>
<value><![CDATA[EE9465F2EFC6466C80D92240FC54FBCB]]></value>
<fieldname>CPE1</fieldname>
<value><![CDATA[116]]></value>
<fieldname>CPE2</fieldname>
<value><![CDATA[1B4FC327F07F4974B211FE6E5853ECFA]]></value>
<fieldname>CPE3</fieldname>
<value><![CDATA[SADDLEBROWN]]></value>
<fieldname>CPE4</fieldname>
<value><![CDATA[#8B4513]]></value>
<fieldname>CPE5</fieldname>
<value><![CDATA[]]></value>
<fieldname>CPE0</fieldname>
<value><![CDATA[EFA4E304278744F18A87796E55B30C9D]]></value>
<fieldname>CPE1</fieldname>
<value><![CDATA[118]]></value>
<fieldname>CPE2</fieldname>
<value><![CDATA[1B4FC327F07F4974B211FE6E5853ECFA]]></value>
<fieldname>CPE3</fieldname>
<value><![CDATA[SANDYBROWN]]></value>
<fieldname>CPE4</fieldname>
<value><![CDATA[#F4A460]]></value>
<fieldname>CPE5</fieldname>
<value><![CDATA[]]></value>
<fieldname>CPE0</fieldname>
<value><![CDATA[F0704CAD5ACE49A1A95577D6243A0223]]></value>
<fieldname>CPE1</fieldname>
<value><![CDATA[34]]></value>
<fieldname>CPE2</fieldname>
<value><![CDATA[1B4FC327F07F4974B211FE6E5853ECFA]]></value>
<fieldname>CPE3</fieldname>
<value><![CDATA[DARKSLATEBLUE]]></value>
<fieldname>CPE4</fieldname>
<value><![CDATA[#483D8B]]></value>
<fieldname>CPE5</fieldname>
<value><![CDATA[]]></value>
<fieldname>CPE0</fieldname>
<value><![CDATA[F2D6F26196CA480BB01BA7F905321B73]]></value>
<fieldname>CPE1</fieldname>
<value><![CDATA[78]]></value>
<fieldname>CPE2</fieldname>
<value><![CDATA[1B4FC327F07F4974B211FE6E5853ECFA]]></value>
<fieldname>CPE3</fieldname>
<value><![CDATA[LINEN]]></value>
<fieldname>CPE4</fieldname>
<value><![CDATA[#FAF0E6]]></value>
<fieldname>CPE5</fieldname>
<value><![CDATA[]]></value>
<fieldname>CPE0</fieldname>
<value><![CDATA[F94EE672E5EE43C681491E54DF389E2E]]></value>
<fieldname>CPE1</fieldname>
<value><![CDATA[77]]></value>
<fieldname>CPE2</fieldname>
<value><![CDATA[1B4FC327F07F4974B211FE6E5853ECFA]]></value>
<fieldname>CPE3</fieldname>
<value><![CDATA[LIMEGREEN]]></value>
<fieldname>CPE4</fieldname>
<value><![CDATA[#32CD32]]></value>
<fieldname>CPE5</fieldname>
<value><![CDATA[]]></value>
<fieldname>CPE0</fieldname>
<value><![CDATA[FB804359681A4A309B38D28B46C96751]]></value>
<fieldname>CPE1</fieldname>
<value><![CDATA[102]]></value>
<fieldname>CPE2</fieldname>
<value><![CDATA[1B4FC327F07F4974B211FE6E5853ECFA]]></value>
<fieldname>CPE3</fieldname>
<value><![CDATA[PALEGOLDENROD]]></value>
<fieldname>CPE4</fieldname>
<value><![CDATA[#EEE8AA]]></value>
<fieldname>CPE5</fieldname>
<value><![CDATA[]]></value>
<fieldname>CPE0</fieldname>
<value><![CDATA[FCE813636A4F4F13B15D786ECF3154FD]]></value>
<fieldname>CPE1</fieldname>
<value><![CDATA[125]]></value>
<fieldname>CPE2</fieldname>
<value><![CDATA[1B4FC327F07F4974B211FE6E5853ECFA]]></value>
<fieldname>CPE3</fieldname>
<value><![CDATA[SLATEGRAY]]></value>
<fieldname>CPE4</fieldname>
<value><![CDATA[#708090]]></value>
<fieldname>CPE5</fieldname>
<value><![CDATA[]]></value>
<fieldname>CPE0</fieldname>
<value><![CDATA[FE728173A5EC4CF3B0AB6F2B032C6B41]]></value>
<fieldname>CPE1</fieldname>
<value><![CDATA[82]]></value>
<fieldname>CPE2</fieldname>
<value><![CDATA[1B4FC327F07F4974B211FE6E5853ECFA]]></value>
<fieldname>CPE3</fieldname>
<value><![CDATA[MEDIUMBLUE]]></value>
<fieldname>CPE4</fieldname>
<value><![CDATA[#0000CD]]></value>
<fieldname>CPE5</fieldname>
<value><![CDATA[]]></value>
<fieldname>CPE0</fieldname>
<value><![CDATA[FE908BDC78E246D7803AE89E04F7460D]]></value>
<fieldname>CPE1</fieldname>
<value><![CDATA[95]]></value>
<fieldname>CPE2</fieldname>
<value><![CDATA[1B4FC327F07F4974B211FE6E5853ECFA]]></value>
<fieldname>CPE3</fieldname>
<value><![CDATA[NAVY]]></value>
<fieldname>CPE4</fieldname>
<value><![CDATA[#000080]]></value>
<fieldname>CPE5</fieldname>
<value><![CDATA[]]></value>
</data>
</ioschema>
