﻿<?xml version="1.0" encoding="UTF-8" standalone="yes"?>
<?infooffice type="IQL" version="1.0"?>
<ioschema>
<data>
<fieldname>FDR0</fieldname>
<value><![CDATA[EAF96A2A4FC044FF8B9FAEA75CF5C955]]></value>
<fieldname>FDR1</fieldname>
<value><![CDATA[Content-Klassen]]></value>
<fieldname>FDR2</fieldname>
<value><![CDATA[1]]></value>
<fieldname>FDR3</fieldname>
<value><![CDATA[0]]></value>
<fieldname>FDR4</fieldname>
<value><![CDATA[]]></value>
<fieldname>FDR5</fieldname>
<value><![CDATA[0]]></value>
<fieldname>FDR6</fieldname>
<value><![CDATA[]]></value>
<fieldname>FDR7</fieldname>
<value><![CDATA[]]></value>
<fieldname>FDR8</fieldname>
<value><![CDATA[]]></value>
<fieldname>FDR9</fieldname>
<value><![CDATA[]]></value>
<fieldname>FDR10</fieldname>
<value><![CDATA[0]]></value>
<fieldname>FDR11</fieldname>
<value><![CDATA[]]></value>
<fieldname>FDR12</fieldname>
<value><![CDATA[]]></value>
<fieldname>FDR13</fieldname>
<value><![CDATA[0]]></value>
<fieldname>FDR14</fieldname>
<value><![CDATA[<ADDITIONALFOLDEROPTIONS maxlistcount="2000" />]]></value>
<fieldname>FDR15</fieldname>
<value><![CDATA[]]></value>
<fieldname>FDR16</fieldname>
<value><![CDATA[]]></value>
<fieldname>FDR17</fieldname>
<value><![CDATA[]]></value>
<fieldname>FDR18</fieldname>
<value><![CDATA[1]]></value>
</data>
</ioschema>
