﻿<?xml version="1.0" encoding="UTF-8" standalone="yes"?>
<?infooffice type="IQL" version="1.0"?>
<ioschema>
<data>
<fieldname>LGV0</fieldname>
<value><![CDATA[645EE0EF64F14FBEB937EFFA19E28361]]></value>
<fieldname>LGV1</fieldname>
<value><![CDATA[German]]></value>
<fieldname>LGV2</fieldname>
<value><![CDATA[DEU]]></value>
<fieldname>LGV3</fieldname>
<value><![CDATA[1]]></value>
<fieldname>LGV4</fieldname>
<value><![CDATA[65001]]></value>
<fieldname>LGV5</fieldname>
<value><![CDATA[0]]></value>
<fieldname>LGV6</fieldname>
<value><![CDATA[]]></value>
<fieldname>LGV7</fieldname>
<value><![CDATA[0]]></value>
<fieldname>LGV8</fieldname>
<value><![CDATA[de-DE]]></value>
</data>
</ioschema>
