﻿<?xml version="1.0" encoding="UTF-8" standalone="yes"?>
<?infooffice type="IQL" version="1.0"?>
<ioschema>
<data>
<fieldname>PAG0</fieldname>
<value><![CDATA[419DB35FA0924F17B81F2AEFE71D54CF]]></value>
<fieldname>PAG1</fieldname>
<value><![CDATA[D6FDE77CFAD34835B062E6A9AD12D2D1]]></value>
<fieldname>PAG2</fieldname>
<value><![CDATA[]]></value>
<fieldname>PAG3</fieldname>
<value><![CDATA[0]]></value>
<fieldname>PAG4</fieldname>
<value><![CDATA[0]]></value>
<fieldname>PAG5</fieldname>
<value><![CDATA[0]]></value>
<fieldname>PAG6</fieldname>
<value><![CDATA[0]]></value>
<fieldname>PAG7</fieldname>
<value><![CDATA[42778.9700402315]]></value>
<fieldname>PAG8</fieldname>
<value><![CDATA[1E5EE23B01B24F55B332AB377B190314]]></value>
<fieldname>PAG9</fieldname>
<value><![CDATA[]]></value>
<fieldname>PAG10</fieldname>
<value><![CDATA[0]]></value>
<fieldname>PAG11</fieldname>
<value><![CDATA[42778.9700402315]]></value>
<fieldname>PAG12</fieldname>
<value><![CDATA[1E5EE23B01B24F55B332AB377B190314]]></value>
<fieldname>PAG13</fieldname>
<value><![CDATA[0]]></value>
<fieldname>PAG14</fieldname>
<value><![CDATA[]]></value>
<fieldname>PAG15</fieldname>
<value><![CDATA[]]></value>
<fieldname>PAG16</fieldname>
<value><![CDATA[]]></value>
<fieldname>PAG17</fieldname>
<value><![CDATA[0]]></value>
<fieldname>PAG18</fieldname>
<value><![CDATA[6]]></value>
<fieldname>PAG19</fieldname>
<value><![CDATA[]]></value>
<fieldname>PAG20</fieldname>
<value><![CDATA[00000000000000000000000000000001]]></value>
<fieldname>PAG21</fieldname>
<value><![CDATA[]]></value>
<fieldname>PAG22</fieldname>
<value><![CDATA[0]]></value>
<fieldname>PAG23</fieldname>
<value><![CDATA[42778.9700402315]]></value>
<fieldname>PAG24</fieldname>
<value><![CDATA[]]></value>
<fieldname>PAG25</fieldname>
<value><![CDATA[]]></value>
<fieldname>PAG29</fieldname>
<value><![CDATA[0]]></value>
<fieldname>PAG30</fieldname>
<value><![CDATA[0]]></value>
<fieldname>PAG101</fieldname>
<value><![CDATA[1]]></value>
<fieldname>PAG31</fieldname>
<value><![CDATA[]]></value>
</data>
</ioschema>
