﻿<?xml version="1.0" encoding="UTF-8" standalone="yes"?>
<?infooffice type="IQL" version="1.0"?>
<ioschema>
<data>
<fieldname>PJV0</fieldname>
<value><![CDATA[07B3F39731354689922404056BBA07C1]]></value>
<fieldname>PJV1</fieldname>
<value><![CDATA[HTML_EF00050EA6B04192A37A8228D83C3CE0]]></value>
<fieldname>PJV2</fieldname>
<value><![CDATA[]]></value>
<fieldname>PJV3</fieldname>
<value><![CDATA[0]]></value>
<fieldname>PJV4</fieldname>
<value><![CDATA[64]]></value>
<fieldname>PJV5</fieldname>
<value><![CDATA[<ATTRIBUTES />]]></value>
<fieldname>PJV6</fieldname>
<value><![CDATA[]]></value>
<fieldname>PJV7</fieldname>
<value><![CDATA[]]></value>
<fieldname>PJV8</fieldname>
<value><![CDATA[EF00050EA6B04192A37A8228D83C3CE0]]></value>
<fieldname>PJV0</fieldname>
<value><![CDATA[EF00050EA6B04192A37A8228D83C3CE0]]></value>
<fieldname>PJV1</fieldname>
<value><![CDATA[HTML]]></value>
<fieldname>PJV2</fieldname>
<value><![CDATA[]]></value>
<fieldname>PJV3</fieldname>
<value><![CDATA[-1]]></value>
<fieldname>PJV4</fieldname>
<value><![CDATA[0]]></value>
<fieldname>PJV5</fieldname>
<value><![CDATA[<ATTRIBUTES />]]></value>
<fieldname>PJV6</fieldname>
<value><![CDATA[]]></value>
<fieldname>PJV7</fieldname>
<value><![CDATA[]]></value>
<fieldname>PJV8</fieldname>
<value><![CDATA[]]></value>
</data>
</ioschema>
