﻿<?xml version="1.0" encoding="UTF-8" standalone="yes"?>
<?infooffice type="IQL" version="1.0"?>
<ioschema>
<data>
<fieldname>PAG0</fieldname>
<value><![CDATA[419DB35FA0924F17B81F2AEFE71D54CF]]></value>
<fieldname>PAG3</fieldname>
<value><![CDATA[263168]]></value>
<fieldname>PAG7</fieldname>
<value><![CDATA[42778.9700402315]]></value>
<fieldname>PAG8</fieldname>
<value><![CDATA[1E5EE23B01B24F55B332AB377B190314]]></value>
<fieldname>PAG9</fieldname>
<value><![CDATA[]]></value>
<fieldname>PAG11</fieldname>
<value><![CDATA[42778.970042037]]></value>
<fieldname>PAG12</fieldname>
<value><![CDATA[1E5EE23B01B24F55B332AB377B190314]]></value>
<fieldname>PAG13</fieldname>
<value><![CDATA[0]]></value>
<fieldname>PAG14</fieldname>
<value><![CDATA[]]></value>
<fieldname>PAG15</fieldname>
<value><![CDATA[]]></value>
<fieldname>PAG16</fieldname>
<value><![CDATA[]]></value>
<fieldname>PAG17</fieldname>
<value><![CDATA[0]]></value>
<fieldname>PAG18</fieldname>
<value><![CDATA[4]]></value>
<fieldname>PAG19</fieldname>
<value><![CDATA[]]></value>
<fieldname>PAG20</fieldname>
<value><![CDATA[]]></value>
<fieldname>PAG21</fieldname>
<value><![CDATA[1C40B52C11274EE5B210C7A46C25177C]]></value>
<fieldname>PAG22</fieldname>
<value><![CDATA[42778.9701490972]]></value>
<fieldname>PAG23</fieldname>
<value><![CDATA[42778.9701490972]]></value>
<fieldname>PAG29</fieldname>
<value><![CDATA[0]]></value>
<fieldname>PAG30</fieldname>
<value><![CDATA[0]]></value>
<fieldname>PAG31</fieldname>
<value><![CDATA[0]]></value>
<fieldname>PAG32</fieldname>
<value><![CDATA[0]]></value>
<fieldname>PAG33</fieldname>
<value><![CDATA[0]]></value>
<fieldname>PAG34</fieldname>
<value><![CDATA[4944CDD6233A436B986EC2E12062FE0A]]></value>
<fieldname>PAG35</fieldname>
<value><![CDATA[5]]></value>
</data>
</ioschema>
