﻿<?xml version="1.0" encoding="UTF-8" standalone="yes"?>
<?infooffice type="IQL" version="1.0"?>
<ioschema>
<data>
<fieldname>PGE0</fieldname>
<value><![CDATA[00000000000000000000000000000001]]></value>
<fieldname>PGE1</fieldname>
<value><![CDATA[00000000000000000000000000000001]]></value>
<fieldname>PGE2</fieldname>
<value><![CDATA[0]]></value>
<fieldname>PGE3</fieldname>
<value><![CDATA[0]]></value>
<fieldname>PGE4</fieldname>
<value><![CDATA[00000000000000000000000000000001]]></value>
<fieldname>PGE5</fieldname>
<value><![CDATA[1]]></value>
<fieldname>PGE6</fieldname>
<value><![CDATA[]]></value>
<fieldname>PGE7</fieldname>
<value><![CDATA[0]]></value>
<fieldname>PGE8</fieldname>
<value><![CDATA[0]]></value>
<fieldname>PGE9</fieldname>
<value><![CDATA[0]]></value>
<fieldname>PGE10</fieldname>
<value><![CDATA[0]]></value>
<fieldname>PGE11</fieldname>
<value><![CDATA[]]></value>
<fieldname>PGE12</fieldname>
<value><![CDATA[]]></value>
<fieldname>PGE101</fieldname>
<value><![CDATA[0]]></value>
<fieldname>PGE102</fieldname>
<value><![CDATA[1]]></value>
<fieldname>PGE103</fieldname>
<value><![CDATA[0]]></value>
<fieldname>PGE0</fieldname>
<value><![CDATA[374B05435E964819A1181963D895AFBD]]></value>
<fieldname>PGE1</fieldname>
<value><![CDATA[419DB35FA0924F17B81F2AEFE71D54CF]]></value>
<fieldname>PGE2</fieldname>
<value><![CDATA[13]]></value>
<fieldname>PGE3</fieldname>
<value><![CDATA[0]]></value>
<fieldname>PGE4</fieldname>
<value><![CDATA[AD9046B2F30C43DE8D2459890C8AC016]]></value>
<fieldname>PGE5</fieldname>
<value><![CDATA[2]]></value>
<fieldname>PGE6</fieldname>
<value><![CDATA[]]></value>
<fieldname>PGE7</fieldname>
<value><![CDATA[0]]></value>
<fieldname>PGE8</fieldname>
<value><![CDATA[1]]></value>
<fieldname>PGE9</fieldname>
<value><![CDATA[0]]></value>
<fieldname>PGE10</fieldname>
<value><![CDATA[0]]></value>
<fieldname>PGE11</fieldname>
<value><![CDATA[]]></value>
<fieldname>PGE12</fieldname>
<value><![CDATA[<ATTRIBUTES />]]></value>
<fieldname>PGE101</fieldname>
<value><![CDATA[0]]></value>
<fieldname>PGE102</fieldname>
<value><![CDATA[0]]></value>
<fieldname>PGE103</fieldname>
<value><![CDATA[0]]></value>
</data>
</ioschema>
