﻿<?xml version="1.0" encoding="UTF-8" standalone="yes"?>
<?infooffice type="IQL" version="1.0"?>
<ioschema>
<data>
<fieldname>REL0</fieldname>
<value><![CDATA[0ADA62AFC7AF447694F9099E572B79F5]]></value>
<fieldname>REL1</fieldname>
<value><![CDATA[F6863C26C5554098820F95EB163EC273]]></value>
<fieldname>REL2</fieldname>
<value><![CDATA[TLV]]></value>
<fieldname>REL3</fieldname>
<value><![CDATA[EF00050EA6B04192A37A8228D83C3CE0]]></value>
<fieldname>REL4</fieldname>
<value><![CDATA[PJV]]></value>
<fieldname>REL5</fieldname>
<value><![CDATA[0]]></value>
<fieldname>REL6</fieldname>
<value><![CDATA[0]]></value>
<fieldname>REL7</fieldname>
<value><![CDATA[0]]></value>
<fieldname>REL8</fieldname>
<value><![CDATA[0]]></value>
<fieldname>REL10</fieldname>
<value><![CDATA[0]]></value>
<fieldname>REL11</fieldname>
<value><![CDATA[]]></value>
<fieldname>REL12</fieldname>
<value><![CDATA[]]></value>
<fieldname>REL13</fieldname>
<value><![CDATA[0]]></value>
<fieldname>REL9</fieldname>
<value><![CDATA[0]]></value>
<fieldname>REL0</fieldname>
<value><![CDATA[19F90131956E40828BFAAFE9582568FB]]></value>
<fieldname>REL1</fieldname>
<value><![CDATA[E71BE06EF22D4EA59CB0DB1855E92A1E]]></value>
<fieldname>REL2</fieldname>
<value><![CDATA[TLV]]></value>
<fieldname>REL3</fieldname>
<value><![CDATA[EF00050EA6B04192A37A8228D83C3CE0]]></value>
<fieldname>REL4</fieldname>
<value><![CDATA[PJV]]></value>
<fieldname>REL5</fieldname>
<value><![CDATA[0]]></value>
<fieldname>REL6</fieldname>
<value><![CDATA[0]]></value>
<fieldname>REL7</fieldname>
<value><![CDATA[0]]></value>
<fieldname>REL8</fieldname>
<value><![CDATA[0]]></value>
<fieldname>REL10</fieldname>
<value><![CDATA[0]]></value>
<fieldname>REL11</fieldname>
<value><![CDATA[]]></value>
<fieldname>REL12</fieldname>
<value><![CDATA[]]></value>
<fieldname>REL13</fieldname>
<value><![CDATA[0]]></value>
<fieldname>REL9</fieldname>
<value><![CDATA[0]]></value>
<fieldname>REL0</fieldname>
<value><![CDATA[84224AEAB0AC4922B02B98012717044C]]></value>
<fieldname>REL1</fieldname>
<value><![CDATA[E71BE06EF22D4EA59CB0DB1855E92A1E]]></value>
<fieldname>REL2</fieldname>
<value><![CDATA[TLV]]></value>
<fieldname>REL3</fieldname>
<value><![CDATA[07B3F39731354689922404056BBA07C1]]></value>
<fieldname>REL4</fieldname>
<value><![CDATA[PJV]]></value>
<fieldname>REL5</fieldname>
<value><![CDATA[0]]></value>
<fieldname>REL6</fieldname>
<value><![CDATA[0]]></value>
<fieldname>REL7</fieldname>
<value><![CDATA[0]]></value>
<fieldname>REL8</fieldname>
<value><![CDATA[0]]></value>
<fieldname>REL10</fieldname>
<value><![CDATA[0]]></value>
<fieldname>REL11</fieldname>
<value><![CDATA[]]></value>
<fieldname>REL12</fieldname>
<value><![CDATA[]]></value>
<fieldname>REL13</fieldname>
<value><![CDATA[0]]></value>
<fieldname>REL9</fieldname>
<value><![CDATA[0]]></value>
<fieldname>REL0</fieldname>
<value><![CDATA[878867A37FDC459CA1FB9F0641AEC480]]></value>
<fieldname>REL1</fieldname>
<value><![CDATA[00000000000000000000000000000001]]></value>
<fieldname>REL2</fieldname>
<value><![CDATA[PGE]]></value>
<fieldname>REL3</fieldname>
<value><![CDATA[419DB35FA0924F17B81F2AEFE71D54CF]]></value>
<fieldname>REL4</fieldname>
<value><![CDATA[PAG]]></value>
<fieldname>REL5</fieldname>
<value><![CDATA[0]]></value>
<fieldname>REL6</fieldname>
<value><![CDATA[0]]></value>
<fieldname>REL7</fieldname>
<value><![CDATA[0]]></value>
<fieldname>REL8</fieldname>
<value><![CDATA[0]]></value>
<fieldname>REL10</fieldname>
<value><![CDATA[0]]></value>
<fieldname>REL11</fieldname>
<value><![CDATA[]]></value>
<fieldname>REL12</fieldname>
<value><![CDATA[]]></value>
<fieldname>REL13</fieldname>
<value><![CDATA[0]]></value>
<fieldname>REL9</fieldname>
<value><![CDATA[]]></value>
<fieldname>REL0</fieldname>
<value><![CDATA[93A1E5756B984E66B3EE4FF50DEA1550]]></value>
<fieldname>REL1</fieldname>
<value><![CDATA[F6863C26C5554098820F95EB163EC273]]></value>
<fieldname>REL2</fieldname>
<value><![CDATA[TLV]]></value>
<fieldname>REL3</fieldname>
<value><![CDATA[07B3F39731354689922404056BBA07C1]]></value>
<fieldname>REL4</fieldname>
<value><![CDATA[PJV]]></value>
<fieldname>REL5</fieldname>
<value><![CDATA[0]]></value>
<fieldname>REL6</fieldname>
<value><![CDATA[0]]></value>
<fieldname>REL7</fieldname>
<value><![CDATA[0]]></value>
<fieldname>REL8</fieldname>
<value><![CDATA[0]]></value>
<fieldname>REL10</fieldname>
<value><![CDATA[0]]></value>
<fieldname>REL11</fieldname>
<value><![CDATA[]]></value>
<fieldname>REL12</fieldname>
<value><![CDATA[]]></value>
<fieldname>REL13</fieldname>
<value><![CDATA[0]]></value>
<fieldname>REL9</fieldname>
<value><![CDATA[0]]></value>
</data>
</ioschema>
