﻿<?xml version="1.0" encoding="UTF-8" standalone="yes"?>
<?infooffice type="IQL" version="1.0"?>
<ioschema>
<data>
<fieldname>SYS0</fieldname>
<value><![CDATA[29591384BD8548D184020BEB74AC0D6D]]></value>
<fieldname>SYS1</fieldname>
<value><![CDATA[inuse]]></value>
<fieldname>SYS2</fieldname>
<value><![CDATA[1]]></value>
<fieldname>SYS0</fieldname>
<value><![CDATA[68B3EA02CF354ECEBBCABD2D55739415]]></value>
<fieldname>SYS1</fieldname>
<value><![CDATA[1.1.1]]></value>
<fieldname>SYS2</fieldname>
<value><![CDATA[1]]></value>
<fieldname>SYS0</fieldname>
<value><![CDATA[69EF8BF110B043A7A88FA496E5464710]]></value>
<fieldname>SYS1</fieldname>
<value><![CDATA[databaseversion]]></value>
<fieldname>SYS2</fieldname>
<value><![CDATA[016.019]]></value>
<fieldname>SYS0</fieldname>
<value><![CDATA[6BFD490797E444F1A615981FB0D23812]]></value>
<fieldname>SYS1</fieldname>
<value><![CDATA[EXTERNEDITORURL]]></value>
<fieldname>SYS2</fieldname>
<value><![CDATA[]]></value>
<fieldname>SYS0</fieldname>
<value><![CDATA[6DD693CB2B3B48A1AB739AEBB20B50F5]]></value>
<fieldname>SYS1</fieldname>
<value><![CDATA[EXTERNEDITOR]]></value>
<fieldname>SYS2</fieldname>
<value><![CDATA[CKEditor]]></value>
<fieldname>SYS0</fieldname>
<value><![CDATA[B1783528078D4D4593069E7610388745]]></value>
<fieldname>SYS1</fieldname>
<value><![CDATA[SETTINGFLAGS]]></value>
<fieldname>SYS2</fieldname>
<value><![CDATA[34]]></value>
<fieldname>SYS0</fieldname>
<value><![CDATA[B643B4F95D5440F5B0F488CA8330CECC]]></value>
<fieldname>SYS1</fieldname>
<value><![CDATA[REQUESTEXTERNEDITORTEXT]]></value>
<fieldname>SYS2</fieldname>
<value><![CDATA[]]></value>
<fieldname>SYS0</fieldname>
<value><![CDATA[F463FD99841C405AB65FD2AD1C0120D2]]></value>
<fieldname>SYS1</fieldname>
<value><![CDATA[ASSETFILENAMERESTRICTION]]></value>
<fieldname>SYS2</fieldname>
<value><![CDATA[/^[^\\\/<>:*?"&%\+]{4,150}$/i]]></value>
<fieldname>SYS0</fieldname>
<value><![CDATA[FCBAA1C5A8FE4B06BB1DDB045AF7ECCF]]></value>
<fieldname>SYS1</fieldname>
<value><![CDATA[TESTPROJECT]]></value>
<fieldname>SYS2</fieldname>
<value><![CDATA[XQu9jQn+lWE=]]></value>
</data>
</ioschema>
