﻿<?xml version="1.0" encoding="UTF-8" standalone="yes"?>
<?infooffice type="IQL" version="1.0"?>
<ioschema>
<data>
<fieldname>TLV0</fieldname>
<value><![CDATA[E71BE06EF22D4EA59CB0DB1855E92A1E]]></value>
<fieldname>TLV1</fieldname>
<value><![CDATA[HTML]]></value>
<fieldname>TLV2</fieldname>
<value><![CDATA[]]></value>
<fieldname>TLV3</fieldname>
<value><![CDATA[<!DOCTYPE html>
<html>
  <head>
    <meta charset="utf-8" />
    <title>Management Server</title>
  </head>
  <body>

  </body>
</html>]]></value>
<fieldname>TLV4</fieldname>
<value><![CDATA[D2797377A4DA438D836E142893B5BB64]]></value>
<fieldname>TLV5</fieldname>
<value><![CDATA[EAF96A2A4FC044FF8B9FAEA75CF5C955]]></value>
<fieldname>TLV6</fieldname>
<value><![CDATA[42778.969284838]]></value>
<fieldname>TLV7</fieldname>
<value><![CDATA[1E5EE23B01B24F55B332AB377B190314]]></value>
<fieldname>TLV8</fieldname>
<value><![CDATA[1E5EE23B01B24F55B332AB377B190314]]></value>
<fieldname>TLV9</fieldname>
<value><![CDATA[htm]]></value>
<fieldname>TLV10</fieldname>
<value><![CDATA[0]]></value>
<fieldname>TLV11</fieldname>
<value><![CDATA[]]></value>
<fieldname>TLV12</fieldname>
<value><![CDATA[]]></value>
<fieldname>TLV13</fieldname>
<value><![CDATA[42778.969284838]]></value>
<fieldname>TLV14</fieldname>
<value><![CDATA[0]]></value>
<fieldname>TLV15</fieldname>
<value><![CDATA[]]></value>
<fieldname>TLV0</fieldname>
<value><![CDATA[F6863C26C5554098820F95EB163EC273]]></value>
<fieldname>TLV1</fieldname>
<value><![CDATA[HTML]]></value>
<fieldname>TLV2</fieldname>
<value><![CDATA[]]></value>
<fieldname>TLV3</fieldname>
<value><![CDATA[<!DOCTYPE html>
<html>
  <head>
    <meta charset="utf-8" />
    <title>Management Server</title>
  </head>
  <body>
    <!IoRangeList><%listPages%><!/IoRangeList>
  </body>
</html>]]></value>
<fieldname>TLV4</fieldname>
<value><![CDATA[D6FDE77CFAD34835B062E6A9AD12D2D1]]></value>
<fieldname>TLV5</fieldname>
<value><![CDATA[EAF96A2A4FC044FF8B9FAEA75CF5C955]]></value>
<fieldname>TLV6</fieldname>
<value><![CDATA[42778.9695304282]]></value>
<fieldname>TLV7</fieldname>
<value><![CDATA[1E5EE23B01B24F55B332AB377B190314]]></value>
<fieldname>TLV8</fieldname>
<value><![CDATA[1E5EE23B01B24F55B332AB377B190314]]></value>
<fieldname>TLV9</fieldname>
<value><![CDATA[htm]]></value>
<fieldname>TLV10</fieldname>
<value><![CDATA[0]]></value>
<fieldname>TLV11</fieldname>
<value><![CDATA[]]></value>
<fieldname>TLV12</fieldname>
<value><![CDATA[]]></value>
<fieldname>TLV13</fieldname>
<value><![CDATA[42778.9699548727]]></value>
<fieldname>TLV14</fieldname>
<value><![CDATA[0]]></value>
<fieldname>TLV15</fieldname>
<value><![CDATA[]]></value>
</data>
</ioschema>
