﻿<?xml version="1.0" encoding="UTF-8" standalone="yes"?>
<?infooffice type="IQL" version="1.0"?>
<ioschema>
<data>
<fieldname>TLE0</fieldname>
<value><![CDATA[AD9046B2F30C43DE8D2459890C8AC016]]></value>
<fieldname>TLE1</fieldname>
<value><![CDATA[listPages]]></value>
<fieldname>TLE2</fieldname>
<value><![CDATA[13]]></value>
<fieldname>TLE3</fieldname>
<value><![CDATA[1048576]]></value>
<fieldname>TLE4</fieldname>
<value><![CDATA[D6FDE77CFAD34835B062E6A9AD12D2D1]]></value>
<fieldname>TLE5</fieldname>
<value><![CDATA[2]]></value>
<fieldname>TLE6</fieldname>
<value><![CDATA[0]]></value>
<fieldname>TLE7</fieldname>
<value><![CDATA[<ATTRIBUTES eltfontbold="0" />]]></value>
<fieldname>TLE8</fieldname>
<value><![CDATA[]]></value>
<fieldname>TLE9</fieldname>
<value><![CDATA[0]]></value>
<fieldname>TLE10</fieldname>
<value><![CDATA[0]]></value>
<fieldname>TLE11</fieldname>
<value><![CDATA[]]></value>
<fieldname>TLE102</fieldname>
<value><![CDATA[0]]></value>
<fieldname>TLE12</fieldname>
<value><![CDATA[]]></value>
<fieldname>TLE13</fieldname>
<value><![CDATA[E9429ED647EA4B5687388536BB8868F0]]></value>
<fieldname>TLE14</fieldname>
<value><![CDATA[42778.9698110995]]></value>
<fieldname>TLE15</fieldname>
<value><![CDATA[]]></value>
</data>
</ioschema>
