﻿<?xml version="1.0" encoding="UTF-8" standalone="yes"?>
<?infooffice type="IQL" version="1.0"?>
<ioschema>
<data>
<fieldname>TPL0</fieldname>
<value><![CDATA[D2797377A4DA438D836E142893B5BB64]]></value>
<fieldname>TPL1</fieldname>
<value><![CDATA[Meine neue Content-Klasse]]></value>
<fieldname>TPL2</fieldname>
<value><![CDATA[]]></value>
<fieldname>TPL3</fieldname>
<value><![CDATA[536870912]]></value>
<fieldname>TPL4</fieldname>
<value><![CDATA[0]]></value>
<fieldname>TPL5</fieldname>
<value><![CDATA[0]]></value>
<fieldname>TPL6</fieldname>
<value><![CDATA[EAF96A2A4FC044FF8B9FAEA75CF5C955]]></value>
<fieldname>TPL7</fieldname>
<value><![CDATA[]]></value>
<fieldname>TPL8</fieldname>
<value><![CDATA[]]></value>
<fieldname>TPL10</fieldname>
<value><![CDATA[0]]></value>
<fieldname>TPL11</fieldname>
<value><![CDATA[398FC9C392544E66A3984A2A45FFA8CD]]></value>
<fieldname>TPL9</fieldname>
<value><![CDATA[]]></value>
<fieldname>TPL12</fieldname>
<value><![CDATA[]]></value>
<fieldname>TPL13</fieldname>
<value><![CDATA[<SETTINGS smarteditvisible="1" />]]></value>
<fieldname>TPL14</fieldname>
<value><![CDATA[42778.9692879167]]></value>
<fieldname>TPL15</fieldname>
<value><![CDATA[]]></value>
<fieldname>TPL16</fieldname>
<value><![CDATA[]]></value>
<fieldname>TPL19</fieldname>
<value><![CDATA[<%ContentClassName%> <%PageId%>]]></value>
<fieldname>TPL20</fieldname>
<value><![CDATA[2]]></value>
<fieldname>TPL0</fieldname>
<value><![CDATA[D6FDE77CFAD34835B062E6A9AD12D2D1]]></value>
<fieldname>TPL1</fieldname>
<value><![CDATA[Projektstart]]></value>
<fieldname>TPL2</fieldname>
<value><![CDATA[]]></value>
<fieldname>TPL3</fieldname>
<value><![CDATA[536870912]]></value>
<fieldname>TPL4</fieldname>
<value><![CDATA[0]]></value>
<fieldname>TPL5</fieldname>
<value><![CDATA[0]]></value>
<fieldname>TPL6</fieldname>
<value><![CDATA[EAF96A2A4FC044FF8B9FAEA75CF5C955]]></value>
<fieldname>TPL7</fieldname>
<value><![CDATA[]]></value>
<fieldname>TPL8</fieldname>
<value><![CDATA[]]></value>
<fieldname>TPL10</fieldname>
<value><![CDATA[0]]></value>
<fieldname>TPL11</fieldname>
<value><![CDATA[280D6D4BEBDB439F94CA9BA5A4CCDBD1]]></value>
<fieldname>TPL9</fieldname>
<value><![CDATA[]]></value>
<fieldname>TPL12</fieldname>
<value><![CDATA[]]></value>
<fieldname>TPL13</fieldname>
<value><![CDATA[<SETTINGS smarteditvisible="1" />]]></value>
<fieldname>TPL14</fieldname>
<value><![CDATA[42778.9699550463]]></value>
<fieldname>TPL15</fieldname>
<value><![CDATA[]]></value>
<fieldname>TPL16</fieldname>
<value><![CDATA[]]></value>
<fieldname>TPL19</fieldname>
<value><![CDATA[<%ContentClassName%> <%PageId%>]]></value>
<fieldname>TPL20</fieldname>
<value><![CDATA[5]]></value>
</data>
</ioschema>
